date,GISS,HAD,NOAA
8/11/2016 4:03,0.11,1,1
8/11/2016 4:05,0.06,1,1
8/11/2016 4:05,1,1,1
8/11/2016 4:07,0.11,1,1
8/11/2016 4:14,0.06,1,1
8/11/2016 4:15,0.11,1,1
8/11/2016 4:19,1,1,1
8/11/2016 4:20,0.11,1,1
8/11/2016 4:21,0.11,1,1
8/11/2016 4:22,0.51,1,1
8/11/2016 4:25,1,1,1
8/11/2016 4:26,1,1,1
8/11/2016 4:26,0.04,1,1
8/11/2016 4:30,0.11,1,1
8/11/2016 4:30,1,0.11,1
8/11/2016 4:30,1,1,1
8/11/2016 4:31,0.47,1,1
8/11/2016 4:36,1,1,1
8/11/2016 4:39,1,1,1
8/11/2016 4:39,1,19.72,1
8/11/2016 4:43,1,1,0.93
8/11/2016 4:45,1,1,1
8/11/2016 4:46,1.89,1,1
8/11/2016 4:47,1,1,1.01
8/11/2016 4:50,0.11,1,1
8/11/2016 4:50,1,1,1
8/11/2016 4:53,1,1,1
8/11/2016 4:57,0.11,1,1
8/11/2016 4:58,0.11,1,1
8/11/2016 4:59,0.93,1,1
8/11/2016 5:01,38.67,1,1
8/11/2016 5:05,0.11,1,1
8/11/2016 5:09,1,1,1.89
8/11/2016 5:11,1,1,1
8/11/2016 5:12,0.11,1,1
8/11/2016 5:19,1,1,1
8/11/2016 5:21,0.06,1,1
8/11/2016 5:25,37.12,1,1
8/11/2016 5:25,0.93,1,1
8/11/2016 5:33,1,95.54,1
8/11/2016 5:34,21.27,1,1
8/11/2016 5:34,0.11,1,1
8/11/2016 5:34,1,1,1
8/11/2016 5:36,0.11,1,1
8/11/2016 5:38,38.67,1,1
8/11/2016 5:39,1,38.67,1
8/11/2016 5:40,1,1,1
8/11/2016 5:55,1,0.11,1
8/11/2016 5:59,19.72,1,1
8/11/2016 6:03,1,19.72,1
8/11/2016 6:07,2.71,1,1
8/11/2016 6:09,0.93,1,1
8/11/2016 6:15,1.44,1,1
8/11/2016 6:15,1.74,1,1
8/11/2016 6:28,1.01,1,1
8/11/2016 6:33,0.11,1,1
8/11/2016 6:33,0.11,1,1
8/11/2016 6:36,0.53,1,1
8/11/2016 6:38,1,38.67,1
8/11/2016 6:40,1,1,1
8/11/2016 6:43,1,21.27,1
8/11/2016 7:22,2.32,1,1
8/11/2016 7:26,19.72,1,1
8/11/2016 7:27,0.93,1,1
8/11/2016 7:31,1,1,37.12
8/11/2016 7:31,19.72,1,1
8/11/2016 7:33,1,1,1.82
8/11/2016 7:35,1,1,1
8/11/2016 7:37,1,56.07,1
8/11/2016 7:47,0.11,1,1
8/11/2016 7:51,1,0.11,1
8/11/2016 7:55,1,0.11,1
8/11/2016 7:58,0.11,1,1
8/11/2016 8:01,0.11,1,1
8/11/2016 9:36,0.11,1,1
8/11/2016 9:37,0.11,1,1
8/11/2016 9:52,1,2.32,1
8/11/2016 9:57,0.11,1,1
8/11/2016 9:57,0.11,1,1
8/11/2016 10:02,1,0.93,1
8/11/2016 10:02,0.11,1,1
8/11/2016 10:06,1,0.11,1
8/11/2016 10:08,0.11,1,1
8/11/2016 10:10,1,0.51,1
8/11/2016 10:11,0.11,1,1
8/11/2016 10:15,0.11,1,1
8/11/2016 10:16,0.11,1,1
8/11/2016 10:21,2.32,1,1
8/11/2016 10:23,1,1,1
8/11/2016 10:24,0.51,1,1
8/11/2016 10:27,0.93,1,1
8/11/2016 10:28,0.04,1,1
8/11/2016 10:32,1,19.72,1
8/11/2016 10:40,0.11,1,1
8/11/2016 10:41,1,0.11,1
8/11/2016 10:44,0.11,1,1
8/11/2016 10:45,0.11,1,1
8/11/2016 10:46,0.11,1,1
8/11/2016 10:46,1,1,1
8/11/2016 10:47,0.11,1,1
8/11/2016 10:48,0.93,1,1
8/11/2016 10:49,0.11,1,1
8/11/2016 10:49,0.11,1,1
8/11/2016 10:50,0.11,1,1
8/11/2016 10:51,1,0.11,1
8/11/2016 10:51,1,1,1
8/11/2016 10:52,0.11,1,1
8/11/2016 10:54,1,1,19.72
8/11/2016 10:55,0.47,1,1
8/11/2016 10:57,0.06,1,1
8/11/2016 10:58,21.27,1,1
8/11/2016 11:00,0.93,1,1
8/11/2016 11:00,1,1,1
8/11/2016 11:00,1,1,1
8/11/2016 11:01,0.11,1,1
8/11/2016 11:02,0.51,1,1
8/11/2016 11:04,0.93,1,1
8/11/2016 11:06,0.93,1,1
8/11/2016 11:06,0.11,1,1
8/11/2016 11:06,1,1,1
8/11/2016 11:09,0.11,1,1
8/11/2016 11:10,2.32,1,1
8/11/2016 11:11,19.72,1,1
8/11/2016 11:12,1,0.06,1
8/11/2016 11:14,1,0.11,1
8/11/2016 11:15,1,2.71,1
8/11/2016 11:15,0.11,1,1
8/11/2016 11:15,0.11,1,1
8/11/2016 11:17,2.04,1,1
8/11/2016 11:17,0.06,1,1
8/11/2016 11:18,1.82,1,1
8/11/2016 11:20,1,0.93,1
8/11/2016 11:20,0.11,1,1
8/11/2016 11:20,0.11,1,1
8/11/2016 11:21,0.06,1,1
8/11/2016 11:22,0.11,1,1
8/11/2016 11:23,0.11,1,1
8/11/2016 11:24,0.93,1,1
8/11/2016 11:29,0.11,1,1
8/11/2016 11:30,0.11,1,1
8/11/2016 11:30,2.32,1,1
8/11/2016 11:32,1,1,1
8/11/2016 11:33,0.11,1,1
8/11/2016 11:33,0.11,1,1
8/11/2016 11:34,0.11,1,1
8/11/2016 11:35,21.27,1,1
8/11/2016 11:35,0.11,1,1
8/11/2016 11:36,1,1,21.27
8/11/2016 11:37,0.93,1,1
8/11/2016 11:37,0.11,1,1
8/11/2016 11:38,2.64,1,1
8/11/2016 11:38,1.82,1,1
8/11/2016 11:38,0.93,1,1
8/11/2016 11:38,1,1,1
8/11/2016 11:40,2.32,1,1
8/11/2016 11:40,1,0.11,1
8/11/2016 11:40,0.93,1,1
8/11/2016 11:40,1,0.93,1
8/11/2016 11:41,38.67,1,1
8/11/2016 11:41,0.06,1,1
8/11/2016 11:42,1,1,1
8/11/2016 11:42,0.11,1,1
8/11/2016 11:42,1,1,1
8/11/2016 11:42,0.93,1,1
8/11/2016 11:43,0.11,1,1
8/11/2016 11:43,0.11,1,1
8/11/2016 11:43,1,0.11,1
8/11/2016 11:43,0.11,1,1
8/11/2016 11:43,0.47,1,1
8/11/2016 11:43,0.11,1,1
8/11/2016 11:43,0.11,1,1
8/11/2016 11:43,1,0.93,1
8/11/2016 11:43,0.11,1,1
8/11/2016 11:44,0.11,1,1
8/11/2016 11:44,1,2.32,1
8/11/2016 11:44,2.32,1,1
8/11/2016 11:46,0.11,1,1
8/11/2016 11:46,0.11,1,1
8/11/2016 11:46,0.93,1,1
8/11/2016 11:46,0.51,1,1
8/11/2016 11:47,0.11,1,1
8/11/2016 11:47,0.11,1,1
8/11/2016 11:48,0.11,1,1
8/11/2016 11:48,0.11,1,1
8/11/2016 11:48,1,0.11,1
8/11/2016 11:49,1,1,1
8/11/2016 11:49,0.11,1,1
8/11/2016 11:49,0.11,1,1
8/11/2016 11:50,0.93,1,1
8/11/2016 11:50,0.11,1,1
8/11/2016 11:50,0.11,1,1
8/11/2016 11:51,0.06,1,1
8/11/2016 11:51,0.11,1,1
8/11/2016 11:51,0.11,1,1
8/11/2016 11:51,1,0.11,1
8/11/2016 11:51,0.93,1,1
8/11/2016 11:52,1,0.11,1
8/11/2016 11:52,1,0.93,1
8/11/2016 11:52,2.32,1,1
8/11/2016 11:53,0.06,1,1
8/11/2016 11:55,0.11,1,1
8/11/2016 11:55,0.11,1,1
8/11/2016 11:55,0.11,1,1
8/11/2016 11:56,0.11,1,1
8/11/2016 11:56,0.11,1,1
8/11/2016 11:57,1,0.11,1
8/11/2016 11:57,0.11,1,1
8/11/2016 11:57,0.06,1,1
8/11/2016 11:58,1,0.11,1
8/11/2016 11:58,0.11,1,1
8/11/2016 11:58,1,0.93,1
8/11/2016 11:58,0.11,1,1
8/11/2016 11:59,1,0.11,1
8/11/2016 11:59,0.49,1,1
8/11/2016 11:59,0.11,1,1
8/11/2016 11:59,1,19.72,1
8/11/2016 11:59,0.11,1,1
8/11/2016 12:00,0.11,1,1
8/11/2016 12:00,0.11,1,1
8/11/2016 12:00,0.11,1,1
8/11/2016 12:01,0.11,1,1
8/11/2016 12:01,0.93,1,1
8/11/2016 12:01,1,1,1
8/11/2016 12:01,1,38.67,1
8/11/2016 12:02,1,2.32,1
8/11/2016 12:02,0.11,1,1
8/11/2016 12:02,0.04,1,1
8/11/2016 12:02,0.11,1,1
8/11/2016 12:02,0.11,1,1
8/11/2016 12:03,0.93,1,1
8/11/2016 12:03,1,0.11,1
8/11/2016 12:03,0.11,1,1
8/11/2016 12:03,1,0.06,1
8/11/2016 12:03,0.11,1,1
8/11/2016 12:04,1,0.11,1
8/11/2016 12:04,1,0.11,1
8/11/2016 12:04,0.11,1,1
8/11/2016 12:04,21.27,1,1
8/11/2016 12:04,1,0.11,1
8/11/2016 12:05,0.93,1,1
8/11/2016 12:05,1,0.11,1
8/11/2016 12:05,0.11,1,1
8/11/2016 12:06,0.06,1,1
8/11/2016 12:06,1,1,0.11
8/11/2016 12:06,1,1,0.11
8/11/2016 12:06,1,0.11,1
8/11/2016 12:07,0.93,1,1
8/11/2016 12:08,2.32,1,1
8/11/2016 12:08,1,1,1
8/11/2016 12:08,1.89,1,1
8/11/2016 12:09,0.11,1,1
8/11/2016 12:09,1,1,1
8/11/2016 12:09,1.89,1,1
8/11/2016 12:09,0.47,1,1
8/11/2016 12:10,1,0.11,1
8/11/2016 12:10,0.67,1,1
8/11/2016 12:10,1,1,1
8/11/2016 12:10,0.11,1,1
8/11/2016 12:10,0.11,1,1
8/11/2016 12:10,0.51,1,1
8/11/2016 12:10,0.06,1,1
8/11/2016 12:11,1,1,1
8/11/2016 12:11,0.04,1,1
8/11/2016 12:12,0.93,1,1
8/11/2016 12:12,1.42,1,1
8/11/2016 12:12,0.11,1,1
8/11/2016 12:12,1,2.32,1
8/11/2016 12:12,0.06,1,1
8/11/2016 12:12,1,0.11,1
8/11/2016 12:13,1,1,0.11
8/11/2016 12:13,0.11,1,1
8/11/2016 12:13,0.93,1,1
8/11/2016 12:14,0.11,1,1
8/11/2016 12:14,1,1.82,1
8/11/2016 12:14,0.51,1,1
8/11/2016 12:14,0.93,1,1
8/11/2016 12:14,21.27,1,1
8/11/2016 12:14,1,0.11,1
8/11/2016 12:15,0.11,1,1
8/11/2016 12:15,0.11,1,1
8/11/2016 12:15,0.51,1,1
8/11/2016 12:16,1,21.27,1
8/11/2016 12:16,0.11,1,1
8/11/2016 12:16,0.06,1,1
8/11/2016 12:16,0.93,1,1
8/11/2016 12:16,0.06,1,1
8/11/2016 12:16,0.51,1,1
8/11/2016 12:16,0.11,1,1
8/11/2016 12:16,0.11,1,1
8/11/2016 12:17,0.06,1,1
8/11/2016 12:17,0.06,1,1
8/11/2016 12:17,1.82,1,1
8/11/2016 12:18,2.32,1,1
8/11/2016 12:18,0.11,1,1
8/11/2016 12:18,38.67,1,1
8/11/2016 12:18,0.11,1,1
8/11/2016 12:20,2.32,1,1
8/11/2016 12:20,4.49,1,1
8/11/2016 12:20,0.47,1,1
8/11/2016 12:20,1.39,1,1
8/11/2016 12:21,1,0.11,1
8/11/2016 12:21,1,0.11,1
8/11/2016 12:21,0.11,1,1
8/11/2016 12:21,0.11,1,1
8/11/2016 12:21,1.82,1,1
8/11/2016 12:22,0.11,1,1
8/11/2016 12:22,0.11,1,1
8/11/2016 12:22,0.11,1,1
8/11/2016 12:22,0.93,1,1
8/11/2016 12:23,0.11,1,1
8/11/2016 12:23,1,19.72,1
8/11/2016 12:23,1,0.93,1
8/11/2016 12:23,0.11,1,1
8/11/2016 12:24,1,1,1
8/11/2016 12:24,0.93,1,1
8/11/2016 12:24,0.51,1,1
8/11/2016 12:24,0.11,1,1
8/11/2016 12:24,1.89,1,1
8/11/2016 12:24,0.97,1,1
8/11/2016 12:25,0.06,1,1
8/11/2016 12:25,2.32,1,1
8/11/2016 12:25,1,1,1
8/11/2016 12:25,1,0.93,1
8/11/2016 12:25,0.51,1,1
8/11/2016 12:25,0.11,1,1
8/11/2016 12:26,1.82,1,1
8/11/2016 12:26,0.11,1,1
8/11/2016 12:27,0.51,1,1
8/11/2016 12:27,0.11,1,1
8/11/2016 12:27,1,0.93,1
8/11/2016 12:27,0.06,1,1
8/11/2016 12:27,1,1,1
8/11/2016 12:27,1,1,1
8/11/2016 12:27,38.67,1,1
8/11/2016 12:28,1,1,1
8/11/2016 12:28,1,2.32,1
8/11/2016 12:29,0.11,1,1
8/11/2016 12:29,0.93,1,1
8/11/2016 12:29,0.11,1,1
8/11/2016 12:29,21.27,1,1
8/11/2016 12:29,1,1,1
8/11/2016 12:29,0.93,1,1
8/11/2016 12:29,1,1,1
8/11/2016 12:30,1,1,1
8/11/2016 12:30,2.32,1,1
8/11/2016 12:31,0.93,1,1
8/11/2016 12:31,0.93,1,1
8/11/2016 12:31,0.93,1,1
8/11/2016 12:31,1,1,1
8/11/2016 12:31,21.27,1,1
8/11/2016 12:31,0.06,1,1
8/11/2016 12:32,1,0.11,1
8/11/2016 12:32,0.11,1,1
8/11/2016 12:32,1,1,0.11
8/11/2016 12:32,0.11,1,1
8/11/2016 12:33,1,0.93,1
8/11/2016 12:33,1.74,1,1
8/11/2016 12:33,0.11,1,1
8/11/2016 12:33,0.93,1,1
8/11/2016 12:33,0.11,1,1
8/11/2016 12:34,0.93,1,1
8/11/2016 12:34,0.06,1,1
8/11/2016 12:34,1,0.11,1
8/11/2016 12:34,0.11,1,1
8/11/2016 12:35,0.93,1,1
8/11/2016 12:35,1,0.34,1
8/11/2016 12:35,0.11,1,1
8/11/2016 12:35,0.93,1,1
8/11/2016 12:36,1,0.11,1
8/11/2016 12:36,0.35,1,1
8/11/2016 12:36,0.93,1,1
8/11/2016 12:36,0.06,1,1
8/11/2016 12:36,0.06,1,1
8/11/2016 12:37,1,1,0.11
8/11/2016 12:37,0.11,1,1
8/11/2016 12:37,0.11,1,1
8/11/2016 12:37,0.97,1,1
8/11/2016 12:37,1,1,1
8/11/2016 12:38,0.53,1,1
8/11/2016 12:38,0.93,1,1
8/11/2016 12:38,1,21.27,1
8/11/2016 12:38,0.11,1,1
8/11/2016 12:39,1,37.12,1
8/11/2016 12:39,2.32,1,1
8/11/2016 12:39,1,1,1
8/11/2016 12:39,0.11,1,1
8/11/2016 12:40,0.11,1,1
8/11/2016 12:40,0.47,1,1
8/11/2016 12:40,0.11,1,1
8/11/2016 12:40,2.32,1,1
8/11/2016 12:40,1,1,1
8/11/2016 12:41,1,1,1
8/11/2016 12:41,0.11,1,1
8/11/2016 12:41,1,0.93,1
8/11/2016 12:41,0.11,1,1
8/11/2016 12:41,0.11,1,1
8/11/2016 12:42,1,0.93,1
8/11/2016 12:42,1,1,1
8/11/2016 12:42,21.27,1,1
8/11/2016 12:42,0.11,1,1
8/11/2016 12:42,1,1,1
8/11/2016 12:42,1.89,1,1
8/11/2016 12:43,0.51,1,1
8/11/2016 12:43,0.11,1,1
8/11/2016 12:43,1.89,1,1
8/11/2016 12:44,0.04,1,1
8/11/2016 12:44,1,0.51,1
8/11/2016 12:44,0.11,1,1
8/11/2016 12:44,0.97,1,1
8/11/2016 12:45,0.11,1,1
8/11/2016 12:45,0.11,1,1
8/11/2016 12:45,1,2.32,1
8/11/2016 12:45,19.72,1,1
8/11/2016 12:45,1,37.12,1
8/11/2016 12:45,1,19.72,1
8/11/2016 12:46,0.11,1,1
8/11/2016 12:46,1,1,1
8/11/2016 12:46,0.11,1,1
8/11/2016 12:47,0.06,1,1
8/11/2016 12:47,1,0.06,1
8/11/2016 12:48,0.93,1,1
8/11/2016 12:48,1.82,1,1
8/11/2016 12:48,1,1.01,1
8/11/2016 12:48,2.71,1,1
8/11/2016 12:48,0.11,1,1
8/11/2016 12:49,0.06,1,1
8/11/2016 12:49,0.11,1,1
8/11/2016 12:49,0.11,1,1
8/11/2016 12:49,0.06,1,1
8/11/2016 12:50,0.06,1,1
8/11/2016 12:50,0.47,1,1
8/11/2016 12:50,38.67,1,1
8/11/2016 12:50,0.93,1,1
8/11/2016 12:50,0.11,1,1
8/11/2016 12:50,1,0.34,1
8/11/2016 12:51,19.72,1,1
8/11/2016 12:51,1,1,1
8/11/2016 12:51,1,1,1
8/11/2016 12:51,1,57.63,1
8/11/2016 12:51,1,21.27,1
8/11/2016 12:51,1,1,1.89
8/11/2016 12:51,1,0.11,1
8/11/2016 12:51,0.11,1,1
8/11/2016 12:52,1,0.93,1
8/11/2016 12:52,0.06,1,1
8/11/2016 12:52,0.11,1,1
8/11/2016 12:53,1,0.06,1
8/11/2016 12:53,1,0.93,1
8/11/2016 12:54,0.11,1,1
8/11/2016 12:54,1,1,1
8/11/2016 12:54,0.06,1,1
8/11/2016 12:54,1,1,57.63
8/11/2016 12:54,21.27,1,1
8/11/2016 12:54,1.82,1,1
8/11/2016 12:54,0.35,1,1
8/11/2016 12:55,0.11,1,1
8/11/2016 12:55,0.06,1,1
8/11/2016 12:55,0.11,1,1
8/11/2016 12:55,0.12,1,1
8/11/2016 12:55,0.11,1,1
8/11/2016 12:56,0.11,1,1
8/11/2016 12:56,0.11,1,1
8/11/2016 12:56,0.11,1,1
8/11/2016 12:57,1,0.93,1
8/11/2016 12:57,1.82,1,1
8/11/2016 12:57,0.06,1,1
8/11/2016 12:57,0.06,1,1
8/11/2016 12:57,1,1.01,1
8/11/2016 12:57,1.44,1,1
8/11/2016 12:57,0.11,1,1
8/11/2016 12:57,1,0.11,1
8/11/2016 12:58,0.11,1,1
8/11/2016 12:58,0.11,1,1
8/11/2016 12:58,0.11,1,1
8/11/2016 12:58,0.11,1,1
8/11/2016 12:58,1,19.72,1
8/11/2016 12:58,19.72,1,1
8/11/2016 12:58,37.12,1,1
8/11/2016 12:58,19.72,1,1
8/11/2016 12:58,0.47,1,1
8/11/2016 12:59,1,1,1.82
8/11/2016 12:59,0.03,1,1
8/11/2016 12:59,0.93,1,1
8/11/2016 12:59,1,1,1
8/11/2016 13:00,1,1,1
8/11/2016 13:00,21.27,1,1
8/11/2016 13:00,0.93,1,1
8/11/2016 13:01,1,0.47,1
8/11/2016 13:01,1,0.93,1
8/11/2016 13:01,1.89,1,1
8/11/2016 13:02,0.93,1,1
8/11/2016 13:02,0.93,1,1
8/11/2016 13:02,1,0.93,1
8/11/2016 13:03,1.82,1,1
8/11/2016 13:03,0.11,1,1
8/11/2016 13:03,0.89,1,1
8/11/2016 13:03,2.32,1,1
8/11/2016 13:04,1,38.67,1
8/11/2016 13:04,1,1,1
8/11/2016 13:04,21.27,1,1
8/11/2016 13:04,1,1,1
8/11/2016 13:04,1,0.11,1
8/11/2016 13:04,0.11,1,1
8/11/2016 13:04,1,1,0.93
8/11/2016 13:05,0.11,1,1
8/11/2016 13:05,1,1,1
8/11/2016 13:05,1,2.78,1
8/11/2016 13:05,0.53,1,1
8/11/2016 13:05,1,1,1
8/11/2016 13:05,1.89,1,1
8/11/2016 13:06,1,0.47,1
8/11/2016 13:06,19.72,1,1
8/11/2016 13:06,2.32,1,1
8/11/2016 13:06,1,1,1
8/11/2016 13:06,1,0.11,1
8/11/2016 13:07,1,1,1
8/11/2016 13:07,21.27,1,1
8/11/2016 13:07,1,1,1
8/11/2016 13:07,1,1,1
8/11/2016 13:07,0.93,1,1
8/11/2016 13:07,0.11,1,1
8/11/2016 13:07,19.72,1,1
8/11/2016 13:07,0.93,1,1
8/11/2016 13:08,1,1,1
8/11/2016 13:08,1,1,1
8/11/2016 13:08,0.93,1,1
8/11/2016 13:08,0.11,1,1
8/11/2016 13:08,1,1,1
8/11/2016 13:09,2.64,1,1
8/11/2016 13:09,1,0.33,1
8/11/2016 13:09,1,1,1
8/11/2016 13:10,0.11,1,1
8/11/2016 13:10,1,1,1
8/11/2016 13:10,1.01,1,1
8/11/2016 13:10,2.32,1,1
8/11/2016 13:10,0.11,1,1
8/11/2016 13:10,0.11,1,1
8/11/2016 13:10,2.32,1,1
8/11/2016 13:11,1,0.11,1
8/11/2016 13:11,0.11,1,1
8/11/2016 13:11,0.11,1,1
8/11/2016 13:12,0.06,1,1
8/11/2016 13:12,0.97,1,1
8/11/2016 13:12,2.32,1,1
8/11/2016 13:12,0.93,1,1
8/11/2016 13:12,0.11,1,1
8/11/2016 13:12,0.93,1,1
8/11/2016 13:12,0.11,1,1
8/11/2016 13:12,0.93,1,1
8/11/2016 13:12,1,0.11,1
8/11/2016 13:12,2.32,1,1
8/11/2016 13:12,0.06,1,1
8/11/2016 13:12,0.51,1,1
8/11/2016 13:12,1,1,1
8/11/2016 13:13,1,0.06,1
8/11/2016 13:13,0.11,1,1
8/11/2016 13:13,0.93,1,1
8/11/2016 13:13,0.11,1,1
8/11/2016 13:14,0.11,1,1
8/11/2016 13:14,0.06,1,1
8/11/2016 13:14,1,1,1
8/11/2016 13:14,2.32,1,1
8/11/2016 13:14,0.06,1,1
8/11/2016 13:15,0.11,1,1
8/11/2016 13:15,1,0.93,1
8/11/2016 13:15,0.11,1,1
8/11/2016 13:15,0.93,1,1
8/11/2016 13:15,2.32,1,1
8/11/2016 13:15,0.11,1,1
8/11/2016 13:15,0.51,1,1
8/11/2016 13:16,0.11,1,1
8/11/2016 13:16,0.11,1,1
8/11/2016 13:17,21.27,1,1
8/11/2016 13:17,1,1,1
8/11/2016 13:17,0.06,1,1
8/11/2016 13:17,0.11,1,1
8/11/2016 13:17,1,1,1
8/11/2016 13:18,2.32,1,1
8/11/2016 13:18,0.06,1,1
8/11/2016 13:18,0.11,1,1
8/11/2016 13:18,0.11,1,1
8/11/2016 13:18,2.32,1,1
8/11/2016 13:19,3.6,1,1
8/11/2016 13:20,0.11,1,1
8/11/2016 13:20,0.11,1,1
8/11/2016 13:20,0.11,1,1
8/11/2016 13:20,1,1,0.11
8/11/2016 13:20,0.11,1,1
8/11/2016 13:21,19.72,1,1
8/11/2016 13:21,1.01,1,1
8/11/2016 13:21,0.06,1,1
8/11/2016 13:21,1,0.11,1
8/11/2016 13:21,1.82,1,1
8/11/2016 13:21,0.11,1,1
8/11/2016 13:21,0.06,1,1
8/11/2016 13:22,2.32,1,1
8/11/2016 13:22,0.11,1,1
8/11/2016 13:22,1.89,1,1
8/11/2016 13:22,1,1,19.72
8/11/2016 13:22,1,1,1
8/11/2016 13:22,0.11,1,1
8/11/2016 13:22,0.11,1,1
8/11/2016 13:22,0.06,1,1
8/11/2016 13:22,0.11,1,1
8/11/2016 13:23,0.06,1,1
8/11/2016 13:23,1,1,1
8/11/2016 13:23,0.93,1,1
8/11/2016 13:24,0.06,1,1
8/11/2016 13:24,0.04,1,1
8/11/2016 13:25,1,19.72,1
8/11/2016 13:25,0.36,1,1
8/11/2016 13:25,1,1.82,1
8/11/2016 13:26,1,0.11,1
8/11/2016 13:26,1,0.06,1
8/11/2016 13:26,0.06,1,1
8/11/2016 13:26,0.06,1,1
8/11/2016 13:26,0.04,1,1
8/11/2016 13:26,1,2.32,1
8/11/2016 13:26,1,1,1
8/11/2016 13:27,0.11,1,1
8/11/2016 13:27,0.06,1,1
8/11/2016 13:27,1,1,1
8/11/2016 13:28,1.08,1,1
8/11/2016 13:28,1,1.82,1
8/11/2016 13:28,0.11,1,1
8/11/2016 13:28,1.89,1,1
8/11/2016 13:28,0.11,1,1
8/11/2016 13:28,1,19.72,1
8/11/2016 13:28,1,19.72,1
8/11/2016 13:28,0.06,1,1
8/11/2016 13:29,0.06,1,1
8/11/2016 13:29,0.11,1,1
8/11/2016 13:29,0.06,1,1
8/11/2016 13:30,0.11,1,1
8/11/2016 13:30,1,21.27,1
8/11/2016 13:30,1,2.78,1
8/11/2016 13:30,1,1,57.63
8/11/2016 13:31,1,38.67,1
8/11/2016 13:31,0.06,1,1
8/11/2016 13:31,1,1,1
8/11/2016 13:31,0.11,1,1
8/11/2016 13:31,1,0.11,1
8/11/2016 13:31,1,1,1
8/11/2016 13:31,1,1,0.51
8/11/2016 13:31,1,0.04,1
8/11/2016 13:31,0.93,1,1
8/11/2016 13:32,0.11,1,1
8/11/2016 13:32,2.32,1,1
8/11/2016 13:32,1,1,1
8/11/2016 13:32,0.11,1,1
8/11/2016 13:32,0.11,1,1
8/11/2016 13:32,0.11,1,1
8/11/2016 13:33,0.11,1,1
8/11/2016 13:33,1,1,1
8/11/2016 13:33,1,0.06,1
8/11/2016 13:33,1,1,1
8/11/2016 13:34,56.07,1,1
8/11/2016 13:34,1,1.82,1
8/11/2016 13:34,1.82,1,1
8/11/2016 13:34,0.11,1,1
8/11/2016 13:34,0.11,1,1
8/11/2016 13:34,0.06,1,1
8/11/2016 13:34,1,0.93,1
8/11/2016 13:34,0.11,1,1
8/11/2016 13:34,0.11,1,1
8/11/2016 13:34,1,1,0.06
8/11/2016 13:35,1,1,1
8/11/2016 13:35,1,1,1
8/11/2016 13:35,1.82,1,1
8/11/2016 13:35,0.06,1,1
8/11/2016 13:35,0.06,1,1
8/11/2016 13:35,0.06,1,1
8/11/2016 13:35,1,0.11,1
8/11/2016 13:35,1,0.06,1
8/11/2016 13:35,0.11,1,1
8/11/2016 13:35,0.93,1,1
8/11/2016 13:35,0.11,1,1
8/11/2016 13:36,0.97,1,1
8/11/2016 13:36,1,0.51,1
8/11/2016 13:36,0.51,1,1
8/11/2016 13:36,1,1,1
8/11/2016 13:36,1,0.51,1
8/11/2016 13:36,1,1,1
8/11/2016 13:37,1,1,1
8/11/2016 13:37,57.63,1,1
8/11/2016 13:37,2.32,1,1
8/11/2016 13:37,0.04,1,1
8/11/2016 13:37,1.82,1,1
8/11/2016 13:37,0.06,1,1
8/11/2016 13:37,1,1,0.51
8/11/2016 13:37,1,1,1
8/11/2016 13:38,0.06,1,1
8/11/2016 13:38,1,1,1
8/11/2016 13:38,0.93,1,1
8/11/2016 13:38,1,1,1
8/11/2016 13:38,0.55,1,1
8/11/2016 13:38,1,1,1
8/11/2016 13:39,1,1,0.93
8/11/2016 13:39,0.04,1,1
8/11/2016 13:39,0.06,1,1
8/11/2016 13:39,0.47,1,1
8/11/2016 13:39,1,0.93,1
8/11/2016 13:40,1,1,0.93
8/11/2016 13:40,0.06,1,1
8/11/2016 13:40,1,1,1
8/11/2016 13:40,0.93,1,1
8/11/2016 13:40,1,1,19.72
8/11/2016 13:41,38.67,1,1
8/11/2016 13:41,1.89,1,1
8/11/2016 13:41,0.35,1,1
8/11/2016 13:41,1,0.35,1
8/11/2016 13:41,0.47,1,1
8/11/2016 13:41,0.06,1,1
8/11/2016 13:41,2.32,1,1
8/11/2016 13:41,0.11,1,1
8/11/2016 13:41,0.11,1,1
8/11/2016 13:41,0.11,1,1
8/11/2016 13:42,1,0.11,1
8/11/2016 13:42,1,0.11,1
8/11/2016 13:42,0.06,1,1
8/11/2016 13:42,0.04,1,1
8/11/2016 13:42,0.51,1,1
8/11/2016 13:42,0.11,1,1
8/11/2016 13:42,1,0.47,1
8/11/2016 13:43,1,0.11,1
8/11/2016 13:43,0.11,1,1
8/11/2016 13:43,1,0.11,1
8/11/2016 13:43,1,2.32,1
8/11/2016 13:43,1,0.93,1
8/11/2016 13:43,1,1,1
8/11/2016 13:44,0.11,1,1
8/11/2016 13:44,0.11,1,1
8/11/2016 13:44,0.11,1,1
8/11/2016 13:45,38.67,1,1
8/11/2016 13:45,1,1,0.93
8/11/2016 13:45,0.06,1,1
8/11/2016 13:45,1,0.51,1
8/11/2016 13:45,2.32,1,1
8/11/2016 13:45,0.11,1,1
8/11/2016 13:45,0.11,1,1
8/11/2016 13:45,0.11,1,1
8/11/2016 13:45,0.11,1,1
8/11/2016 13:45,0.11,1,1
8/11/2016 13:45,1,0.11,1
8/11/2016 13:46,0.04,1,1
8/11/2016 13:46,1,0.51,1
8/11/2016 13:46,0.06,1,1
8/11/2016 13:46,1,0.06,1
8/11/2016 13:46,0.93,1,1
8/11/2016 13:47,1.82,1,1
8/11/2016 13:47,1,1,1
8/11/2016 13:47,0.11,1,1
8/11/2016 13:47,0.53,1,1
8/11/2016 13:47,1,1,1
8/11/2016 13:47,21.27,1,1
8/11/2016 13:47,1,1,1
8/11/2016 13:47,0.11,1,1
8/11/2016 13:48,1.82,1,1
8/11/2016 13:49,1,1.89,1
8/11/2016 13:49,1.82,1,1
8/11/2016 13:49,1,1,1
8/11/2016 13:49,1,1,1
8/11/2016 13:49,1,1.89,1
8/11/2016 13:49,1.89,1,1
8/11/2016 13:49,1.89,1,1
8/11/2016 13:50,1.89,1,1
8/11/2016 13:50,1,2.84,1
8/11/2016 13:50,1,1,1
8/11/2016 13:50,1,1,1
8/11/2016 13:50,1,1.82,1
8/11/2016 13:50,21.27,1,1
8/11/2016 13:50,1.39,1,1
8/11/2016 13:50,1,1,1
8/11/2016 13:51,1,1,56.07
8/11/2016 13:51,1,1,1
8/11/2016 13:51,1,0.93,1
8/11/2016 13:51,1.82,1,1
8/11/2016 13:51,1,1,1
8/11/2016 13:51,1,1,1
8/11/2016 13:51,1,1,1
8/11/2016 13:51,1,1,1
8/11/2016 13:51,1,1,1
8/11/2016 13:52,1,1,1
8/11/2016 13:52,1.82,1,1
8/11/2016 13:52,57.63,1,1
8/11/2016 13:52,0.51,1,1
8/11/2016 13:52,1,1,1
8/11/2016 13:52,0.51,1,1
8/11/2016 13:53,40.23,1,1
8/11/2016 13:53,1,1,0.06
8/11/2016 13:53,0.93,1,1
8/11/2016 13:53,0.51,1,1
8/11/2016 13:53,0.93,1,1
8/11/2016 13:53,0.11,1,1
8/11/2016 13:54,0.11,1,1
8/11/2016 13:54,19.72,1,1
8/11/2016 13:55,0.11,1,1
8/11/2016 13:55,1,0.11,1
8/11/2016 13:55,0.11,1,1
8/11/2016 13:56,57.63,1,1
8/11/2016 13:56,0.93,1,1
8/11/2016 13:56,0.11,1,1
8/11/2016 13:56,1.82,1,1
8/11/2016 13:56,0.11,1,1
8/11/2016 13:56,1,37.12,1
8/11/2016 13:57,1,0.11,1
8/11/2016 13:57,0.06,1,1
8/11/2016 13:57,1,1,1
8/11/2016 13:57,1.89,1,1
8/11/2016 13:57,1,0.11,1
8/11/2016 13:58,1,21.27,1
8/11/2016 13:58,0.93,1,1
8/11/2016 13:58,1.89,1,1
8/11/2016 13:58,0.93,1,1
8/11/2016 13:58,1,1,1
8/11/2016 13:58,1.35,1,1
8/11/2016 13:58,0.06,1,1
8/11/2016 13:58,0.11,1,1
8/11/2016 13:58,0.11,1,1
8/11/2016 13:58,0.11,1,1
8/11/2016 13:58,0.11,1,1
8/11/2016 13:58,0.06,1,1
8/11/2016 13:59,1,0.04,1
8/11/2016 13:59,1,1,0.51
8/11/2016 13:59,1.82,1,1
8/11/2016 13:59,21.27,1,1
8/11/2016 13:59,1,1,1
8/11/2016 13:59,1,1,1
8/11/2016 13:59,21.27,1,1
8/11/2016 13:59,0.11,1,1
8/11/2016 13:59,1.74,1,1
8/11/2016 14:00,1,1,1
8/11/2016 14:00,1,1,1
8/11/2016 14:00,1,0.47,1
8/11/2016 14:00,1,1,1
8/11/2016 14:00,0.11,1,1
8/11/2016 14:01,1,0.11,1
8/11/2016 14:01,0.11,1,1
8/11/2016 14:01,0.11,1,1
8/11/2016 14:01,0.06,1,1
8/11/2016 14:01,0.47,1,1
8/11/2016 14:01,1,40.23,1
8/11/2016 14:02,21.27,1,1
8/11/2016 14:02,0.93,1,1
8/11/2016 14:02,1,2.77,1
8/11/2016 14:02,0.06,1,1
8/11/2016 14:02,1,1,1
8/11/2016 14:02,0.11,1,1
8/11/2016 14:03,0.11,1,1
8/11/2016 14:03,0.06,1,1
8/11/2016 14:03,0.06,1,1
8/11/2016 14:04,0.11,1,1
8/11/2016 14:04,1,1,1
8/11/2016 14:04,1,1,1
8/11/2016 14:05,0.97,1,1
8/11/2016 14:05,37.12,1,1
8/11/2016 14:05,2.32,1,1
8/11/2016 14:06,1,19.72,1
8/11/2016 14:06,1,1,0.11
8/11/2016 14:06,1,1,19.72
8/11/2016 14:06,0.06,1,1
8/11/2016 14:06,4.42,1,1
8/11/2016 14:06,1.82,1,1
8/11/2016 14:07,0.06,1,1
8/11/2016 14:07,2.71,1,1
8/11/2016 14:07,0.93,1,1
8/11/2016 14:07,1,0.49,1
8/11/2016 14:08,0.93,1,1
8/11/2016 14:08,0.11,1,1
8/11/2016 14:08,1,19.72,1
8/11/2016 14:08,0.11,1,1
8/11/2016 14:08,2.71,1,1
8/11/2016 14:09,1,0.11,1
8/11/2016 14:09,0.11,1,1
8/11/2016 14:09,0.06,1,1
8/11/2016 14:09,0.11,1,1
8/11/2016 14:09,0.11,1,1
8/11/2016 14:09,1,1,1
8/11/2016 14:09,1,1,1
8/11/2016 14:10,1,0.11,1
8/11/2016 14:10,0.47,1,1
8/11/2016 14:10,1,0.93,1
8/11/2016 14:10,0.11,1,1
8/11/2016 14:10,0.11,1,1
8/11/2016 14:10,1,0.11,1
8/11/2016 14:11,0.93,1,1
8/11/2016 14:11,0.11,1,1
8/11/2016 14:11,1,2.32,1
8/11/2016 14:11,0.93,1,1
8/11/2016 14:11,0.06,1,1
8/11/2016 14:11,0.06,1,1
8/11/2016 14:11,0.06,1,1
8/11/2016 14:11,0.11,1,1
8/11/2016 14:12,2.32,1,1
8/11/2016 14:12,1,1,1
8/11/2016 14:12,0.06,1,1
8/11/2016 14:12,1,0.11,1
8/11/2016 14:12,38.67,1,1
8/11/2016 14:12,1,19.72,1
8/11/2016 14:13,2.32,1,1
8/11/2016 14:13,0.11,1,1
8/11/2016 14:13,1.74,1,1
8/11/2016 14:13,0.11,1,1
8/11/2016 14:13,0.93,1,1
8/11/2016 14:14,0.93,1,1
8/11/2016 14:14,0.11,1,1
8/11/2016 14:14,1,0.11,1
8/11/2016 14:14,0.11,1,1
8/11/2016 14:14,0.11,1,1
8/11/2016 14:14,1,0.11,1
8/11/2016 14:14,0.11,1,1
8/11/2016 14:14,0.11,1,1
8/11/2016 14:15,1,0.93,1
8/11/2016 14:15,0.11,1,1
8/11/2016 14:15,1,37.12,1
8/11/2016 14:15,0.51,1,1
8/11/2016 14:15,0.11,1,1
8/11/2016 14:16,1,1,1
8/11/2016 14:16,1,0.11,1
8/11/2016 14:16,1,0.11,1
8/11/2016 14:16,0.11,1,1
8/11/2016 14:16,0.93,1,1
8/11/2016 14:16,0.11,1,1
8/11/2016 14:16,1,1,1
8/11/2016 14:16,0.11,1,1
8/11/2016 14:16,1,0.11,1
8/11/2016 14:17,0.11,1,1
8/11/2016 14:17,1,0.11,1
8/11/2016 14:18,0.11,1,1
8/11/2016 14:18,1,0.11,1
8/11/2016 14:18,0.93,1,1
8/11/2016 14:18,0.11,1,1
8/11/2016 14:18,0.11,1,1
8/11/2016 14:19,0.11,1,1
8/11/2016 14:19,0.11,1,1
8/11/2016 14:19,0.11,1,1
8/11/2016 14:19,1,0.11,1
8/11/2016 14:20,0.11,1,1
8/11/2016 14:20,0.11,1,1
8/11/2016 14:20,0.11,1,1
8/11/2016 14:20,1,19.72,1
8/11/2016 14:20,1,1,19.72
8/11/2016 14:20,0.11,1,1
8/11/2016 14:21,0.11,1,1
8/11/2016 14:21,0.11,1,1
8/11/2016 14:21,1,0.11,1
8/11/2016 14:21,0.11,1,1
8/11/2016 14:21,0.11,1,1
8/11/2016 14:21,1,1,1
8/11/2016 14:21,1,0.11,1
8/11/2016 14:22,2.32,1,1
8/11/2016 14:22,0.51,1,1
8/11/2016 14:22,0.11,1,1
8/11/2016 14:22,0.11,1,1
8/11/2016 14:22,0.11,1,1
8/11/2016 14:22,0.11,1,1
8/11/2016 14:22,0.93,1,1
8/11/2016 14:22,1,1,1
8/11/2016 14:22,0.11,1,1
8/11/2016 14:23,0.11,1,1
8/11/2016 14:23,0.11,1,1
8/11/2016 14:23,0.11,1,1
8/11/2016 14:23,1,0.93,1
8/11/2016 14:23,1,0.11,1
8/11/2016 14:23,1,0.93,1
8/11/2016 14:24,1,0.93,1
8/11/2016 14:24,1,1.01,1
8/11/2016 14:24,1,0.11,1
8/11/2016 14:24,1,0.49,1
8/11/2016 14:24,0.11,1,1
8/11/2016 14:24,0.11,1,1
8/11/2016 14:25,1,0.93,1
8/11/2016 14:25,0.11,1,1
8/11/2016 14:25,2.32,1,1
8/11/2016 14:25,0.11,1,1
8/11/2016 14:26,1,1,1
8/11/2016 14:26,1.96,1,1
8/11/2016 14:26,1,37.12,1
8/11/2016 14:26,0.49,1,1
8/11/2016 14:26,1,1,1
8/11/2016 14:26,0.11,1,1
8/11/2016 14:26,0.93,1,1
8/11/2016 14:27,0.04,1,1
8/11/2016 14:27,1,1,1
8/11/2016 14:27,0.93,1,1
8/11/2016 14:28,1,1,1
8/11/2016 14:28,1,38.67,1
8/11/2016 14:28,0.51,1,1
8/11/2016 14:28,21.27,1,1
8/11/2016 14:28,1.82,1,1
8/11/2016 14:28,21.27,1,1
8/11/2016 14:28,1,1,0.11
8/11/2016 14:28,1,1,0.11
8/11/2016 14:28,0.11,1,1
8/11/2016 14:28,0.11,1,1
8/11/2016 14:29,1,1,1
8/11/2016 14:29,0.53,1,1
8/11/2016 14:29,0.93,1,1
8/11/2016 14:29,1,1,1
8/11/2016 14:29,21.27,1,1
8/11/2016 14:29,1,1,1
8/11/2016 14:29,1,1,1
8/11/2016 14:30,19.72,1,1
8/11/2016 14:30,0.47,1,1
8/11/2016 14:30,0.06,1,1
8/11/2016 14:31,0.11,1,1
8/11/2016 14:31,0.11,1,1
8/11/2016 14:31,54.52,1,1
8/11/2016 14:31,0.93,1,1
8/11/2016 14:31,0.93,1,1
8/11/2016 14:31,1,0.06,1
8/11/2016 14:31,0.51,1,1
8/11/2016 14:31,1,1,1
8/11/2016 14:32,0.11,1,1
8/11/2016 14:32,1.74,1,1
8/11/2016 14:32,0.06,1,1
8/11/2016 14:32,1,0.06,1
8/11/2016 14:32,0.11,1,1
8/11/2016 14:32,0.11,1,1
8/11/2016 14:32,1,1,1
8/11/2016 14:32,2.32,1,1
8/11/2016 14:32,0.11,1,1
8/11/2016 14:32,1,1,1
8/11/2016 14:32,0.06,1,1
8/11/2016 14:32,0.93,1,1
8/11/2016 14:33,1,0.11,1
8/11/2016 14:33,1.82,1,1
8/11/2016 14:33,2.32,1,1
8/11/2016 14:34,0.11,1,1
8/11/2016 14:34,1,1,1
8/11/2016 14:34,1,1.74,1
8/11/2016 14:34,1,1,1
8/11/2016 14:34,1,1,1
8/11/2016 14:34,1,1,1
8/11/2016 14:35,0.06,1,1
8/11/2016 14:35,2.32,1,1
8/11/2016 14:35,0.06,1,1
8/11/2016 14:35,56.07,1,1
8/11/2016 14:35,1,19.72,1
8/11/2016 14:36,2.32,1,1
8/11/2016 14:36,0.11,1,1
8/11/2016 14:36,2.32,1,1
8/11/2016 14:36,1,1,1
8/11/2016 14:37,0.53,1,1
8/11/2016 14:37,1.89,1,1
8/11/2016 14:38,0.11,1,1
8/11/2016 14:38,0.93,1,1
8/11/2016 14:38,1,0.11,1
8/11/2016 14:38,37.12,1,1
8/11/2016 14:38,0.47,1,1
8/11/2016 14:38,1,0.11,1
8/11/2016 14:38,1.82,1,1
8/11/2016 14:38,0.93,1,1
8/11/2016 14:39,0.93,1,1
8/11/2016 14:39,1,1,1
8/11/2016 14:40,0.11,1,1
8/11/2016 14:40,0.11,1,1
8/11/2016 14:40,1,0.11,1
8/11/2016 14:40,0.11,1,1
8/11/2016 14:40,1,1,0.11
8/11/2016 14:41,21.27,1,1
8/11/2016 14:42,0.06,1,1
8/11/2016 14:42,0.06,1,1
8/11/2016 14:42,1,37.12,1
8/11/2016 14:42,1,0.93,1
8/11/2016 14:43,0.11,1,1
8/11/2016 14:43,0.51,1,1
8/11/2016 14:43,0.11,1,1
8/11/2016 14:43,0.11,1,1
8/11/2016 14:44,0.65,1,1
8/11/2016 14:44,1,1,1
8/11/2016 14:44,1,1,1
8/11/2016 14:44,1,1,1
8/11/2016 14:44,0.51,1,1
8/11/2016 14:44,1,1,1
8/11/2016 14:44,1,1,1
8/11/2016 14:45,0.51,1,1
8/11/2016 14:45,0.97,1,1
8/11/2016 14:45,1,1,1
8/11/2016 14:45,1,1,1
8/11/2016 14:45,1,1,1
8/11/2016 14:45,1,1,1
8/11/2016 14:45,1,1,1
8/11/2016 14:45,1.89,1,1
8/11/2016 14:45,0.97,1,1
8/11/2016 14:45,0.53,1,1
8/11/2016 14:45,1.89,1,1
8/11/2016 14:45,1.82,1,1
8/11/2016 14:46,0.11,1,1
8/11/2016 14:46,1.82,1,1
8/11/2016 14:46,0.97,1,1
8/11/2016 14:46,1,1,1
8/11/2016 14:46,0.51,1,1
8/11/2016 14:47,0.11,1,1
8/11/2016 14:47,1,0.11,1
8/11/2016 14:47,1,0.11,1
8/11/2016 14:47,21.27,1,1
8/11/2016 14:47,1,1,0.97
8/11/2016 14:48,1.89,1,1
8/11/2016 14:48,1,19.72,1
8/11/2016 14:48,1,1,1
8/11/2016 14:48,1,1,1
8/11/2016 14:48,1,57.63,1
8/11/2016 14:49,0.11,1,1
8/11/2016 14:49,1,1,1
8/11/2016 14:49,0.11,1,1
8/11/2016 14:49,1,0.11,1
8/11/2016 14:50,0.93,1,1
8/11/2016 14:50,0.06,1,1
8/11/2016 14:50,0.11,1,1
8/11/2016 14:51,0.93,1,1
8/11/2016 14:51,0.93,1,1
8/11/2016 14:51,1,1,1.82
8/11/2016 14:51,0.93,1,1
8/11/2016 14:52,1.82,1,1
8/11/2016 14:52,1,0.63,1
8/11/2016 14:52,1.74,1,1
8/11/2016 14:52,0.93,1,1
8/11/2016 14:52,1,54.52,1
8/11/2016 14:52,0.47,1,1
8/11/2016 14:53,0.47,1,1
8/11/2016 14:53,0.47,1,1
8/11/2016 14:53,0.93,1,1
8/11/2016 14:53,0.93,1,1
8/11/2016 14:53,0.93,1,1
8/11/2016 14:53,0.93,1,1
8/11/2016 14:54,1,0.06,1
8/11/2016 14:54,1,1,1
8/11/2016 14:54,0.11,1,1
8/11/2016 14:54,1.82,1,1
8/11/2016 14:54,1.74,1,1
8/11/2016 14:54,0.93,1,1
8/11/2016 14:55,0.11,1,1
8/11/2016 14:55,1,1,0.11
8/11/2016 14:55,0.11,1,1
8/11/2016 14:55,0.11,1,1
8/11/2016 14:56,1,1,1
8/11/2016 14:56,19.72,1,1
8/11/2016 14:56,1.82,1,1
8/11/2016 14:56,1.08,1,1
8/11/2016 14:56,0.47,1,1
8/11/2016 14:56,0.11,1,1
8/11/2016 14:57,0.93,1,1
8/11/2016 14:57,1,1,1
8/11/2016 14:57,0.11,1,1
8/11/2016 14:57,1,0.11,1
8/11/2016 14:57,0.06,1,1
8/11/2016 14:57,0.11,1,1
8/11/2016 14:57,0.11,1,1
8/11/2016 14:57,0.11,1,1
8/11/2016 14:57,0.11,1,1
8/11/2016 14:58,0.47,1,1
8/11/2016 14:58,0.51,1,1
8/11/2016 14:58,1,0.11,1
8/11/2016 14:58,1,0.11,1
8/11/2016 14:58,0.11,1,1
8/11/2016 14:58,0.11,1,1
8/11/2016 14:58,1,0.11,1
8/11/2016 14:58,19.72,1,1
8/11/2016 14:58,0.06,1,1
8/11/2016 14:59,0.11,1,1
8/11/2016 14:59,1,0.11,1
8/11/2016 14:59,1,0.93,1
8/11/2016 14:59,1,19.72,1
8/11/2016 15:00,0.11,1,1
8/11/2016 15:00,0.93,1,1
8/11/2016 15:00,1,0.11,1
8/11/2016 15:00,19.72,1,1
8/11/2016 15:00,19.72,1,1
8/11/2016 15:00,19.72,1,1
8/11/2016 15:00,1,19.72,1
8/11/2016 15:00,0.11,1,1
8/11/2016 15:00,1,1,1
8/11/2016 15:00,1.89,1,1
8/11/2016 15:00,0.11,1,1
8/11/2016 15:00,0.11,1,1
8/11/2016 15:00,0.11,1,1
8/11/2016 15:01,0.06,1,1
8/11/2016 15:01,1,1.74,1
8/11/2016 15:01,0.06,1,1
8/11/2016 15:01,0.04,1,1
8/11/2016 15:01,0.06,1,1
8/11/2016 15:01,0.11,1,1
8/11/2016 15:02,0.06,1,1
8/11/2016 15:02,1,1,0.06
8/11/2016 15:02,1,0.06,1
8/11/2016 15:02,1,0.06,1
8/11/2016 15:02,0.06,1,1
8/11/2016 15:03,0.06,1,1
8/11/2016 15:03,1,0.04,1
8/11/2016 15:03,0.06,1,1
8/11/2016 15:03,0.06,1,1
8/11/2016 15:04,0.06,1,1
8/11/2016 15:04,0.06,1,1
8/11/2016 15:04,0.06,1,1
8/11/2016 15:04,0.06,1,1
8/11/2016 15:04,0.06,1,1
8/11/2016 15:04,0.06,1,1
8/11/2016 15:04,0.06,1,1
8/11/2016 15:04,1,1,1
8/11/2016 15:05,0.04,1,1
8/11/2016 15:05,0.06,1,1
8/11/2016 15:05,0.06,1,1
8/11/2016 15:05,1,0.06,1
8/11/2016 15:05,0.11,1,1
8/11/2016 15:06,0.06,1,1
8/11/2016 15:06,0.06,1,1
8/11/2016 15:06,0.06,1,1
8/11/2016 15:07,0.06,1,1
8/11/2016 15:07,1,0.93,1
8/11/2016 15:07,0.11,1,1
8/11/2016 15:07,0.51,1,1
8/11/2016 15:07,0.51,1,1
8/11/2016 15:07,0.49,1,1
8/11/2016 15:07,0.06,1,1
8/11/2016 15:07,0.47,1,1
8/11/2016 15:07,1,0.47,1
8/11/2016 15:07,0.06,1,1
8/11/2016 15:07,0.47,1,1
8/11/2016 15:08,0.06,1,1
8/11/2016 15:08,0.51,1,1
8/11/2016 15:08,1,0.06,1
8/11/2016 15:08,0.06,1,1
8/11/2016 15:08,0.06,1,1
8/11/2016 15:08,1,0.04,1
8/11/2016 15:09,0.11,1,1
8/11/2016 15:09,1.82,1,1
8/11/2016 15:09,0.11,1,1
8/11/2016 15:09,0.47,1,1
8/11/2016 15:09,2.92,1,1
8/11/2016 15:10,1.96,1,1
8/11/2016 15:10,1,2.32,1
8/11/2016 15:10,1,1,1
8/11/2016 15:11,1.74,1,1
8/11/2016 15:12,0.11,1,1
8/11/2016 15:12,0.11,1,1
8/11/2016 15:12,1,1,1
8/11/2016 15:12,1.82,1,1
8/11/2016 15:12,1,1,1
8/11/2016 15:12,0.93,1,1
8/11/2016 15:12,1,21.27,1
8/11/2016 15:12,1,1,1
8/11/2016 15:12,0.11,1,1
8/11/2016 15:13,0.34,1,1
8/11/2016 15:13,2.32,1,1
8/11/2016 15:13,0.06,1,1
8/11/2016 15:13,1,1,1
8/11/2016 15:13,1,1,1
8/11/2016 15:13,1,1,1
8/11/2016 15:13,0.11,1,1
8/11/2016 15:13,1,0.11,1
8/11/2016 15:14,1,0.06,1
8/11/2016 15:14,1,0.93,1
8/11/2016 15:14,1,1,1
8/11/2016 15:14,1,21.27,1
8/11/2016 15:14,0.11,1,1
8/11/2016 15:14,0.11,1,1
8/11/2016 15:15,0.93,1,1
8/11/2016 15:15,0.93,1,1
8/11/2016 15:15,2.71,1,1
8/11/2016 15:15,1,1,1
8/11/2016 15:15,0.06,1,1
8/11/2016 15:15,0.06,1,1
8/11/2016 15:15,1,1,1
8/11/2016 15:15,1,1,1
8/11/2016 15:15,1,0.89,1
8/11/2016 15:16,1,0.47,1
8/11/2016 15:16,0.93,1,1
8/11/2016 15:16,1.82,1,1
8/11/2016 15:17,1,1,21.27
8/11/2016 15:17,0.11,1,1
8/11/2016 15:17,1,0.11,1
8/11/2016 15:17,21.27,1,1
8/11/2016 15:17,1,1,1
8/11/2016 15:17,0.11,1,1
8/11/2016 15:17,1.89,1,1
8/11/2016 15:17,0.93,1,1
8/11/2016 15:18,0.11,1,1
8/11/2016 15:18,1,0.06,1
8/11/2016 15:18,0.11,1,1
8/11/2016 15:18,0.06,1,1
8/11/2016 15:18,0.06,1,1
8/11/2016 15:18,0.47,1,1
8/11/2016 15:18,0.47,1,1
8/11/2016 15:18,1,1,1
8/11/2016 15:18,1,2.64,1
8/11/2016 15:18,0.06,1,1
8/11/2016 15:18,1,1,1
8/11/2016 15:19,0.11,1,1
8/11/2016 15:19,0.04,1,1
8/11/2016 15:19,1,1,1
8/11/2016 15:19,0.11,1,1
8/11/2016 15:19,0.51,1,1
8/11/2016 15:19,1,1,1
8/11/2016 15:19,1,0.62,1
8/11/2016 15:19,0.11,1,1
8/11/2016 15:20,0.11,1,1
8/11/2016 15:20,1,1,1
8/11/2016 15:20,1,0.11,1
8/11/2016 15:20,0.11,1,1
8/11/2016 15:20,1,0.93,1
8/11/2016 15:20,1,0.93,1
8/11/2016 15:20,0.11,1,1
8/11/2016 15:20,1.89,1,1
8/11/2016 15:20,0.47,1,1
8/11/2016 15:20,0.11,1,1
8/11/2016 15:20,1,1,1
8/11/2016 15:20,0.93,1,1
8/11/2016 15:21,0.11,1,1
8/11/2016 15:21,0.11,1,1
8/11/2016 15:21,0.11,1,1
8/11/2016 15:21,1,1,1
8/11/2016 15:21,0.11,1,1
8/11/2016 15:21,0.11,1,1
8/11/2016 15:22,0.11,1,1
8/11/2016 15:22,0.11,1,1
8/11/2016 15:22,19.72,1,1
8/11/2016 15:22,0.93,1,1
8/11/2016 15:22,1,54.52,1
8/11/2016 15:22,1,19.72,1
8/11/2016 15:22,0.11,1,1
8/11/2016 15:22,1,0.11,1
8/11/2016 15:22,1,1,1
8/11/2016 15:23,0.11,1,1
8/11/2016 15:23,1,0.11,1
8/11/2016 15:23,0.11,1,1
8/11/2016 15:23,0.11,1,1
8/11/2016 15:23,19.72,1,1
8/11/2016 15:24,57.63,1,1
8/11/2016 15:24,1,1,1
8/11/2016 15:24,0.93,1,1
8/11/2016 15:24,0.11,1,1
8/11/2016 15:25,0.93,1,1
8/11/2016 15:25,1,1,1
8/11/2016 15:25,0.11,1,1
8/11/2016 15:25,0.11,1,1
8/11/2016 15:25,1,0.11,1
8/11/2016 15:25,0.11,1,1
8/11/2016 15:25,0.11,1,1
8/11/2016 15:25,1,0.11,1
8/11/2016 15:25,1,1,1
8/11/2016 15:25,1,0.11,1
8/11/2016 15:25,0.11,1,1
8/11/2016 15:25,1,1,1
8/11/2016 15:25,1,1,1
8/11/2016 15:26,1,1,19.72
8/11/2016 15:26,0.11,1,1
8/11/2016 15:26,1,0.11,1
8/11/2016 15:27,2.32,1,1
8/11/2016 15:27,1,0.06,1
8/11/2016 15:27,1,19.72,1
8/11/2016 15:27,2.32,1,1
8/11/2016 15:27,1,19.72,1
8/11/2016 15:27,0.11,1,1
8/11/2016 15:29,0.11,1,1
8/11/2016 15:29,21.27,1,1
8/11/2016 15:29,0.47,1,1
8/11/2016 15:29,0.06,1,1
8/11/2016 15:29,0.11,1,1
8/11/2016 15:29,0.11,1,1
8/11/2016 15:29,1.89,1,1
8/11/2016 15:29,1,1,0.53
8/11/2016 15:30,1,0.11,1
8/11/2016 15:30,0.11,1,1
8/11/2016 15:30,2.64,1,1
8/11/2016 15:31,1,0.11,1
8/11/2016 15:31,1,0.11,1
8/11/2016 15:31,0.11,1,1
8/11/2016 15:31,0.11,1,1
8/11/2016 15:31,1,1,1
8/11/2016 15:31,2.32,1,1
8/11/2016 15:31,0.11,1,1
8/11/2016 15:31,1,1,0.06
8/11/2016 15:32,0.11,1,1
8/11/2016 15:32,1,0.06,1
8/11/2016 15:32,0.11,1,1
8/11/2016 15:32,0.11,1,1
8/11/2016 15:32,0.11,1,1
8/11/2016 15:32,1.74,1,1
8/11/2016 15:32,0.11,1,1
8/11/2016 15:32,0.11,1,1
8/11/2016 15:33,1,0.11,1
8/11/2016 15:33,0.11,1,1
8/11/2016 15:34,0.11,1,1
8/11/2016 15:34,0.11,1,1
8/11/2016 15:34,0.11,1,1
8/11/2016 15:34,0.53,1,1
8/11/2016 15:34,2.32,1,1
8/11/2016 15:34,1.01,1,1
8/11/2016 15:34,0.11,1,1
8/11/2016 15:35,0.06,1,1
8/11/2016 15:35,0.06,1,1
8/11/2016 15:35,1,1,0.06
8/11/2016 15:35,0.06,1,1
8/11/2016 15:36,0.11,1,1
8/11/2016 15:36,0.06,1,1
8/11/2016 15:36,1,0.11,1
8/11/2016 15:36,0.93,1,1
8/11/2016 15:36,0.11,1,1
8/11/2016 15:36,0.06,1,1
8/11/2016 15:36,0.04,1,1
8/11/2016 15:37,0.11,1,1
8/11/2016 15:37,0.53,1,1
8/11/2016 15:37,0.34,1,1
8/11/2016 15:38,1,0.47,1
8/11/2016 15:38,0.11,1,1
8/11/2016 15:38,0.11,1,1
8/11/2016 15:38,0.11,1,1
8/11/2016 15:39,0.11,1,1
8/11/2016 15:39,0.11,1,1
8/11/2016 15:39,1,1,1
8/11/2016 15:40,0.47,1,1
8/11/2016 15:40,0.11,1,1
8/11/2016 15:40,2.32,1,1
8/11/2016 15:40,0.11,1,1
8/11/2016 15:40,1,0.11,1
8/11/2016 15:41,0.11,1,1
8/11/2016 15:41,2.64,1,1
8/11/2016 15:41,0.11,1,1
8/11/2016 15:41,0.11,1,1
8/11/2016 15:41,1,0.11,1
8/11/2016 15:41,1,38.67,1
8/11/2016 15:41,19.72,1,1
8/11/2016 15:42,0.93,1,1
8/11/2016 15:42,0.51,1,1
8/11/2016 15:42,0.11,1,1
8/11/2016 15:42,0.11,1,1
8/11/2016 15:42,0.11,1,1
8/11/2016 15:42,1,0.11,1
8/11/2016 15:43,0.11,1,1
8/11/2016 15:43,0.11,1,1
8/11/2016 15:43,0.11,1,1
8/11/2016 15:44,1,1.82,1
8/11/2016 15:44,1,2.64,1
8/11/2016 15:44,0.34,1,1
8/11/2016 15:44,1,1,1
8/11/2016 15:45,1,37.12,1
8/11/2016 15:45,1,38.67,1
8/11/2016 15:45,1,73.47,1
8/11/2016 15:45,1,0.93,1
8/11/2016 15:46,1,0.11,1
8/11/2016 15:46,1,0.11,1
8/11/2016 15:46,1,0.11,1
8/11/2016 15:47,1,0.93,1
8/11/2016 15:47,1,0.11,1
8/11/2016 15:47,1,0.11,1
8/11/2016 15:48,0.11,1,1
8/11/2016 15:48,0.89,1,1
8/11/2016 15:48,2.32,1,1
8/11/2016 15:48,1,1,0.49
8/11/2016 15:48,1,1,0.49
8/11/2016 15:48,1,1,1
8/11/2016 15:49,40.23,1,1
8/11/2016 15:49,0.06,1,1
8/11/2016 15:49,0.04,1,1
8/11/2016 15:49,0.06,1,1
8/11/2016 15:49,0.06,1,1
8/11/2016 15:49,1,1,0.06
8/11/2016 15:49,1,19.72,1
8/11/2016 15:49,1,1,1
8/11/2016 15:49,1,2.77,1
8/11/2016 15:49,0.06,1,1
8/11/2016 15:49,1,0.11,1
8/11/2016 15:50,1,1,1
8/11/2016 15:50,1,1,1.89
8/11/2016 15:51,2.32,1,1
8/11/2016 15:51,2.32,1,1
8/11/2016 15:51,0.06,1,1
8/11/2016 15:51,1.89,1,1
8/11/2016 15:52,0.93,1,1
8/11/2016 15:52,1,1,1
8/11/2016 15:52,0.93,1,1
8/11/2016 15:52,21.27,1,1
8/11/2016 15:52,0.11,1,1
8/11/2016 15:52,1.82,1,1
8/11/2016 15:52,2.32,1,1
8/11/2016 15:53,0.11,1,1
8/11/2016 15:53,0.11,1,1
8/11/2016 15:53,0.11,1,1
8/11/2016 15:53,0.11,1,1
8/11/2016 15:53,1,1,1
8/11/2016 15:53,0.11,1,1
8/11/2016 15:53,0.11,1,1
8/11/2016 15:53,0.11,1,1
8/11/2016 15:54,1,0.11,1
8/11/2016 15:54,0.11,1,1
8/11/2016 15:54,0.49,1,1
8/11/2016 15:54,0.11,1,1
8/11/2016 15:54,1,0.11,1
8/11/2016 15:54,1,1,1
8/11/2016 15:54,0.11,1,1
8/11/2016 15:55,1,1,1
8/11/2016 15:55,0.11,1,1
8/11/2016 15:55,0.06,1,1
8/11/2016 15:55,0.06,1,1
8/11/2016 15:55,1,1,1
8/11/2016 15:55,2.32,1,1
8/11/2016 15:55,0.06,1,1
8/11/2016 15:55,0.11,1,1
8/11/2016 15:55,0.11,1,1
8/11/2016 15:56,1,1,1
8/11/2016 15:56,2.32,1,1
8/11/2016 15:56,1,38.67,1
8/11/2016 15:57,2.32,1,1
8/11/2016 15:57,1,19.72,1
8/11/2016 15:57,2.32,1,1
8/11/2016 15:57,1,1,38.67
8/11/2016 15:57,0.06,1,1
8/11/2016 15:57,0.47,1,1
8/11/2016 15:57,1,0.93,1
8/11/2016 15:57,2.32,1,1
8/11/2016 15:58,37.12,1,1
8/11/2016 15:58,0.06,1,1
8/11/2016 15:58,1.4,1,1
8/11/2016 15:58,0.11,1,1
8/11/2016 15:58,0.11,1,1
8/11/2016 15:58,0.06,1,1
8/11/2016 15:58,0.06,1,1
8/11/2016 15:58,0.11,1,1
8/11/2016 15:58,1,0.04,1
8/11/2016 15:58,0.49,1,1
8/11/2016 15:58,1,0.93,1
8/11/2016 15:58,1,1,1
8/11/2016 15:58,0.11,1,1
8/11/2016 15:59,0.93,1,1
8/11/2016 15:59,0.93,1,1
8/11/2016 15:59,0.93,1,1
8/11/2016 15:59,0.06,1,1
8/11/2016 15:59,0.11,1,1
8/11/2016 15:59,0.11,1,1
8/11/2016 15:59,1.74,1,1
8/11/2016 16:00,1,0.06,1
8/11/2016 16:00,0.11,1,1
8/11/2016 16:00,1,0.11,1
8/11/2016 16:00,2.32,1,1
8/11/2016 16:00,1,1.89,1
8/11/2016 16:00,0.11,1,1
8/11/2016 16:00,0.11,1,1
8/11/2016 16:00,1,1,1
8/11/2016 16:00,1,0.11,1
8/11/2016 16:00,1.82,1,1
8/11/2016 16:01,1,0.93,1
8/11/2016 16:01,1,0.51,1
8/11/2016 16:01,1,1,1
8/11/2016 16:01,0.53,1,1
8/11/2016 16:02,0.03,1,1
8/11/2016 16:02,0.11,1,1
8/11/2016 16:02,0.49,1,1
8/11/2016 16:02,2.32,1,1
8/11/2016 16:02,2.32,1,1
8/11/2016 16:03,0.11,1,1
8/11/2016 16:03,0.06,1,1
8/11/2016 16:03,0.11,1,1
8/11/2016 16:03,1,0.51,1
8/11/2016 16:03,1,2.64,1
8/11/2016 16:03,0.06,1,1
8/11/2016 16:03,1,73.47,1
8/11/2016 16:03,37.12,1,1
8/11/2016 16:04,19.72,1,1
8/11/2016 16:04,1,0.93,1
8/11/2016 16:04,0.49,1,1
8/11/2016 16:04,0.06,1,1
8/11/2016 16:05,0.11,1,1
8/11/2016 16:05,1.82,1,1
8/11/2016 16:05,1,0.06,1
8/11/2016 16:05,0.11,1,1
8/11/2016 16:05,1,1,1
8/11/2016 16:06,2.56,1,1
8/11/2016 16:06,0.11,1,1
8/11/2016 16:06,40.23,1,1
8/11/2016 16:06,0.93,1,1
8/11/2016 16:06,1.89,1,1
8/11/2016 16:06,0.93,1,1
8/11/2016 16:06,0.93,1,1
8/11/2016 16:06,38.67,1,1
8/11/2016 16:07,0.06,1,1
8/11/2016 16:07,2.32,1,1
8/11/2016 16:07,0.11,1,1
8/11/2016 16:07,1,1,0.93
8/11/2016 16:07,1,0.11,1
8/11/2016 16:07,1,1,1
8/11/2016 16:07,0.53,1,1
8/11/2016 16:07,0.11,1,1
8/11/2016 16:08,0.11,1,1
8/11/2016 16:08,0.06,1,1
8/11/2016 16:08,0.11,1,1
8/11/2016 16:08,0.06,1,1
8/11/2016 16:08,0.93,1,1
8/11/2016 16:08,1,1,1
8/11/2016 16:08,1,0.11,1
8/11/2016 16:08,1,0.97,1
8/11/2016 16:09,1,1,1
8/11/2016 16:09,1,0.93,1
8/11/2016 16:09,0.11,1,1
8/11/2016 16:09,0.11,1,1
8/11/2016 16:09,1,0.11,1
8/11/2016 16:09,0.11,1,1
8/11/2016 16:09,0.11,1,1
8/11/2016 16:09,0.51,1,1
8/11/2016 16:09,0.06,1,1
8/11/2016 16:10,0.11,1,1
8/11/2016 16:10,0.93,1,1
8/11/2016 16:10,0.11,1,1
8/11/2016 16:10,1,0.93,1
8/11/2016 16:10,0.06,1,1
8/11/2016 16:10,1,0.11,1
8/11/2016 16:10,38.67,1,1
8/11/2016 16:10,0.11,1,1
8/11/2016 16:10,0.11,1,1
8/11/2016 16:10,1,0.93,1
8/11/2016 16:11,1,0.11,1
8/11/2016 16:11,1,0.11,1
8/11/2016 16:11,0.11,1,1
8/11/2016 16:11,1,0.11,1
8/11/2016 16:11,1,0.06,1
8/11/2016 16:11,0.11,1,1
8/11/2016 16:11,2.32,1,1
8/11/2016 16:12,0.11,1,1
8/11/2016 16:12,0.93,1,1
8/11/2016 16:12,0.11,1,1
8/11/2016 16:12,2.32,1,1
8/11/2016 16:12,1,1,1
8/11/2016 16:13,0.47,1,1
8/11/2016 16:13,0.06,1,1
8/11/2016 16:13,0.11,1,1
8/11/2016 16:13,0.11,1,1
8/11/2016 16:13,0.11,1,1
8/11/2016 16:14,0.51,1,1
8/11/2016 16:14,1,0.06,1
8/11/2016 16:14,0.93,1,1
8/11/2016 16:14,0.11,1,1
8/11/2016 16:14,0.11,1,1
8/11/2016 16:14,0.11,1,1
8/11/2016 16:14,0.11,1,1
8/11/2016 16:15,0.11,1,1
8/11/2016 16:15,1,0.93,1
8/11/2016 16:15,1,19.72,1
8/11/2016 16:15,0.11,1,1
8/11/2016 16:15,1,1,1
8/11/2016 16:15,1,2.32,1
8/11/2016 16:15,1,1,21.27
8/11/2016 16:15,1,1,1
8/11/2016 16:15,0.11,1,1
8/11/2016 16:15,1,1,1
8/11/2016 16:15,1,1,1
8/11/2016 16:15,1,1.82,1
8/11/2016 16:15,0.51,1,1
8/11/2016 16:16,1,0.11,1
8/11/2016 16:16,0.11,1,1
8/11/2016 16:16,0.11,1,1
8/11/2016 16:16,1,0.11,1
8/11/2016 16:16,0.11,1,1
8/11/2016 16:16,0.11,1,1
8/11/2016 16:16,0.11,1,1
8/11/2016 16:17,0.11,1,1
8/11/2016 16:17,1,1,0.11
8/11/2016 16:17,0.11,1,1
8/11/2016 16:17,1,0.11,1
8/11/2016 16:17,1,1,1
8/11/2016 16:17,2.64,1,1
8/11/2016 16:17,1,0.11,1
8/11/2016 16:18,1,2.32,1
8/11/2016 16:18,0.11,1,1
8/11/2016 16:19,0.11,1,1
8/11/2016 16:19,0.11,1,1
8/11/2016 16:19,1,19.72,1
8/11/2016 16:20,1,19.72,1
8/11/2016 16:20,1,0.11,1
8/11/2016 16:20,0.11,1,1
8/11/2016 16:20,1,38.67,1
8/11/2016 16:21,1.89,1,1
8/11/2016 16:21,0.93,1,1
8/11/2016 16:21,0.11,1,1
8/11/2016 16:21,1,1,1
8/11/2016 16:21,0.11,1,1
8/11/2016 16:21,1,1,1
8/11/2016 16:21,0.11,1,1
8/11/2016 16:22,0.47,1,1
8/11/2016 16:22,1,0.11,1
8/11/2016 16:22,0.11,1,1
8/11/2016 16:22,1,0.11,1
8/11/2016 16:22,1,0.11,1
8/11/2016 16:22,2.32,1,1
8/11/2016 16:22,1,1,1
8/11/2016 16:23,0.11,1,1
8/11/2016 16:23,1,1.74,1
8/11/2016 16:23,0.93,1,1
8/11/2016 16:23,1.82,1,1
8/11/2016 16:23,1.74,1,1
8/11/2016 16:23,0.06,1,1
8/11/2016 16:24,1,1,1
8/11/2016 16:24,0.11,1,1
8/11/2016 16:24,0.11,1,1
8/11/2016 16:24,0.11,1,1
8/11/2016 16:24,0.47,1,1
8/11/2016 16:25,2.32,1,1
8/11/2016 16:25,0.11,1,1
8/11/2016 16:25,0.11,1,1
8/11/2016 16:25,0.93,1,1
8/11/2016 16:25,1,1,1
8/11/2016 16:26,1.74,1,1
8/11/2016 16:26,0.11,1,1
8/11/2016 16:26,0.11,1,1
8/11/2016 16:26,0.11,1,1
8/11/2016 16:27,1,1,1
8/11/2016 16:27,0.11,1,1
8/11/2016 16:27,0.11,1,1
8/11/2016 16:27,0.11,1,1
8/11/2016 16:27,0.11,1,1
8/11/2016 16:27,0.11,1,1
8/11/2016 16:28,0.11,1,1
8/11/2016 16:28,1,0.11,1
8/11/2016 16:28,0.11,1,1
8/11/2016 16:28,1,19.72,1
8/11/2016 16:28,0.11,1,1
8/11/2016 16:28,0.11,1,1
8/11/2016 16:28,0.11,1,1
8/11/2016 16:28,0.11,1,1
8/11/2016 16:28,0.11,1,1
8/11/2016 16:28,0.11,1,1
8/11/2016 16:28,0.11,1,1
8/11/2016 16:28,0.11,1,1
8/11/2016 16:29,0.47,1,1
8/11/2016 16:29,1,1,1
8/11/2016 16:29,0.11,1,1
8/11/2016 16:29,1,0.11,1
8/11/2016 16:29,0.06,1,1
8/11/2016 16:29,0.93,1,1
8/11/2016 16:30,0.93,1,1
8/11/2016 16:30,1,1,1
8/11/2016 16:30,1,1,0.93
8/11/2016 16:30,0.06,1,1
8/11/2016 16:30,0.11,1,1
8/11/2016 16:30,0.11,1,1
8/11/2016 16:31,1,1,1
8/11/2016 16:31,0.11,1,1
8/11/2016 16:31,0.11,1,1
8/11/2016 16:31,1,0.11,1
8/11/2016 16:31,0.06,1,1
8/11/2016 16:31,19.72,1,1
8/11/2016 16:31,0.11,1,1
8/11/2016 16:31,0.93,1,1
8/11/2016 16:32,0.11,1,1
8/11/2016 16:32,1,37.12,1
8/11/2016 16:32,0.11,1,1
8/11/2016 16:32,1,0.93,1
8/11/2016 16:32,19.72,1,1
8/11/2016 16:32,0.11,1,1
8/11/2016 16:33,1,0.06,1
8/11/2016 16:33,1,38.67,1
8/11/2016 16:33,2.32,1,1
8/11/2016 16:33,1,0.11,1
8/11/2016 16:33,0.11,1,1
8/11/2016 16:33,0.11,1,1
8/11/2016 16:33,1,0.11,1
8/11/2016 16:33,0.93,1,1
8/11/2016 16:33,0.11,1,1
8/11/2016 16:33,0.11,1,1
8/11/2016 16:33,1,1,1
8/11/2016 16:33,0.11,1,1
8/11/2016 16:33,0.11,1,1
8/11/2016 16:34,21.27,1,1
8/11/2016 16:34,2.32,1,1
8/11/2016 16:34,1,0.11,1
8/11/2016 16:34,1,0.11,1
8/11/2016 16:34,1,0.11,1
8/11/2016 16:35,1,1,1
8/11/2016 16:35,0.11,1,1
8/11/2016 16:35,1,0.93,1
8/11/2016 16:36,1,19.72,1
8/11/2016 16:36,2.32,1,1
8/11/2016 16:36,0.11,1,1
8/11/2016 16:36,0.11,1,1
8/11/2016 16:36,0.11,1,1
8/11/2016 16:36,1,19.72,1
8/11/2016 16:36,0.11,1,1
8/11/2016 16:37,1,1,0.51
8/11/2016 16:37,0.06,1,1
8/11/2016 16:37,1,0.06,1
8/11/2016 16:37,0.11,1,1
8/11/2016 16:37,0.51,1,1
8/11/2016 16:38,0.11,1,1
8/11/2016 16:38,1,1,2.32
8/11/2016 16:38,0.11,1,1
8/11/2016 16:38,1,0.93,1
8/11/2016 16:38,1,0.04,1
8/11/2016 16:38,0.11,1,1
8/11/2016 16:38,0.11,1,1
8/11/2016 16:38,0.11,1,1
8/11/2016 16:39,0.11,1,1
8/11/2016 16:39,1,19.72,1
8/11/2016 16:40,0.11,1,1
8/11/2016 16:40,0.11,1,1
8/11/2016 16:40,1,1,1.89
8/11/2016 16:40,0.06,1,1
8/11/2016 16:41,0.11,1,1
8/11/2016 16:41,2.32,1,1
8/11/2016 16:41,1.74,1,1
8/11/2016 16:42,0.11,1,1
8/11/2016 16:42,1,0.11,1
8/11/2016 16:42,0.06,1,1
8/11/2016 16:42,1,1,1
8/11/2016 16:42,1,56.07,1
8/11/2016 16:43,0.11,1,1
8/11/2016 16:43,0.11,1,1
8/11/2016 16:43,0.11,1,1
8/11/2016 16:43,0.11,1,1
8/11/2016 16:44,1,1,1
8/11/2016 16:44,1,0.11,1
8/11/2016 16:44,0.11,1,1
8/11/2016 16:44,0.11,1,1
8/11/2016 16:44,0.11,1,1
8/11/2016 16:45,0.11,1,1
8/11/2016 16:45,0.11,1,1
8/11/2016 16:45,0.93,1,1
8/11/2016 16:45,0.93,1,1
8/11/2016 16:45,0.11,1,1
8/11/2016 16:45,0.11,1,1
8/11/2016 16:45,0.11,1,1
8/11/2016 16:45,1,1,1
8/11/2016 16:46,1,0.11,1
8/11/2016 16:46,1,1,1
8/11/2016 16:46,0.93,1,1
8/11/2016 16:46,0.11,1,1
8/11/2016 16:46,0.11,1,1
8/11/2016 16:46,2.32,1,1
8/11/2016 16:46,1,1,0.11
8/11/2016 16:46,1,0.11,1
8/11/2016 16:46,0.11,1,1
8/11/2016 16:47,0.11,1,1
8/11/2016 16:47,0.11,1,1
8/11/2016 16:47,0.11,1,1
8/11/2016 16:47,1,0.11,1
8/11/2016 16:47,1,0.11,1
8/11/2016 16:47,0.11,1,1
8/11/2016 16:47,0.11,1,1
8/11/2016 16:48,0.93,1,1
8/11/2016 16:48,0.11,1,1
8/11/2016 16:48,0.93,1,1
8/11/2016 16:49,1,0.11,1
8/11/2016 16:49,0.06,1,1
8/11/2016 16:49,1,1,0.11
8/11/2016 16:49,0.11,1,1
8/11/2016 16:49,1,1,1
8/11/2016 16:49,0.93,1,1
8/11/2016 16:49,0.11,1,1
8/11/2016 16:49,0.11,1,1
8/11/2016 16:50,1,0.11,1
8/11/2016 16:50,1,0.11,1
8/11/2016 16:50,1,0.11,1
8/11/2016 16:50,1,0.11,1
8/11/2016 16:50,1,0.11,1
8/11/2016 16:50,1,0.11,1
8/11/2016 16:50,1,0.93,1
8/11/2016 16:50,1,0.93,1
8/11/2016 16:50,1,54.52,1
8/11/2016 16:51,1,0.11,1
8/11/2016 16:51,1,0.11,1
8/11/2016 16:52,1,2.32,1
8/11/2016 16:52,1,0.11,1
8/11/2016 16:52,1,1,1
8/11/2016 16:52,1,0.11,1
8/11/2016 16:52,0.11,1,1
8/11/2016 16:52,0.11,1,1
8/11/2016 16:52,1,0.11,1
8/11/2016 16:53,1,38.67,1
8/11/2016 16:53,1,1.82,1
8/11/2016 16:53,1,2.32,1
8/11/2016 16:54,1,0.11,1
8/11/2016 16:54,0.11,1,1
8/11/2016 16:54,0.11,1,1
8/11/2016 16:54,0.93,1,1
8/11/2016 16:54,38.67,1,1
8/11/2016 16:54,1,19.72,1
8/11/2016 16:54,1,0.11,1
8/11/2016 16:54,1,0.11,1
8/11/2016 16:55,0.11,1,1
8/11/2016 16:55,1,0.11,1
8/11/2016 16:55,0.11,1,1
8/11/2016 16:55,1,1,1
8/11/2016 16:55,0.11,1,1
8/11/2016 16:55,1,1,1
8/11/2016 16:55,0.11,1,1
8/11/2016 16:55,0.11,1,1
8/11/2016 16:55,0.11,1,1
8/11/2016 16:55,0.11,1,1
8/11/2016 16:55,0.93,1,1
8/11/2016 16:55,1,0.11,1
8/11/2016 16:55,0.11,1,1
8/11/2016 16:55,0.11,1,1
8/11/2016 16:56,0.11,1,1
8/11/2016 16:56,0.04,1,1
8/11/2016 16:56,0.11,1,1
8/11/2016 16:56,0.11,1,1
8/11/2016 16:56,2.32,1,1
8/11/2016 16:57,1,19.72,1
8/11/2016 16:57,1,2.32,1
8/11/2016 16:57,1,2.32,1
8/11/2016 16:57,0.11,1,1
8/11/2016 16:57,0.11,1,1
8/11/2016 16:58,0.11,1,1
8/11/2016 16:58,0.11,1,1
8/11/2016 16:58,0.11,1,1
8/11/2016 16:58,0.11,1,1
8/11/2016 16:59,0.11,1,1
8/11/2016 16:59,0.11,1,1
8/11/2016 16:59,0.11,1,1
8/11/2016 16:59,1,1,1
8/11/2016 16:59,1,19.72,1
8/11/2016 16:59,2.32,1,1
8/11/2016 16:59,21.27,1,1
8/11/2016 16:59,1,37.12,1
8/11/2016 17:00,1,1,1
8/11/2016 17:00,0.11,1,1
8/11/2016 17:00,0.11,1,1
8/11/2016 17:00,0.47,1,1
8/11/2016 17:00,0.11,1,1
8/11/2016 17:00,0.11,1,1
8/11/2016 17:00,0.97,1,1
8/11/2016 17:00,0.11,1,1
8/11/2016 17:00,0.11,1,1
8/11/2016 17:00,1,1,0.93
8/11/2016 17:00,0.11,1,1
8/11/2016 17:01,0.11,1,1
8/11/2016 17:01,0.06,1,1
8/11/2016 17:01,0.93,1,1
8/11/2016 17:01,0.93,1,1
8/11/2016 17:01,0.93,1,1
8/11/2016 17:01,1.82,1,1
8/11/2016 17:01,0.11,1,1
8/11/2016 17:01,1,0.11,1
8/11/2016 17:01,1.39,1,1
8/11/2016 17:01,1,0.06,1
8/11/2016 17:02,0.93,1,1
8/11/2016 17:02,0.11,1,1
8/11/2016 17:02,0.11,1,1
8/11/2016 17:02,0.04,1,1
8/11/2016 17:02,1.89,1,1
8/11/2016 17:02,0.11,1,1
8/11/2016 17:03,0.11,1,1
8/11/2016 17:03,0.93,1,1
8/11/2016 17:03,0.11,1,1
8/11/2016 17:03,1,0.11,1
8/11/2016 17:03,0.93,1,1
8/11/2016 17:03,0.11,1,1
8/11/2016 17:03,0.11,1,1
8/11/2016 17:03,0.11,1,1
8/11/2016 17:04,1,0.11,1
8/11/2016 17:04,0.11,1,1
8/11/2016 17:04,0.11,1,1
8/11/2016 17:04,0.11,1,1
8/11/2016 17:04,1,1,1
8/11/2016 17:05,0.11,1,1
8/11/2016 17:05,0.11,1,1
8/11/2016 17:05,1,1,1
8/11/2016 17:05,0.11,1,1
8/11/2016 17:05,1,0.11,1
8/11/2016 17:05,0.51,1,1
8/11/2016 17:06,0.11,1,1
8/11/2016 17:06,0.11,1,1
8/11/2016 17:06,1,0.93,1
8/11/2016 17:06,1,0.93,1
8/11/2016 17:07,0.11,1,1
8/11/2016 17:07,0.93,1,1
8/11/2016 17:07,0.11,1,1
8/11/2016 17:07,0.11,1,1
8/11/2016 17:08,0.11,1,1
8/11/2016 17:08,1,1,0.11
8/11/2016 17:08,0.53,1,1
8/11/2016 17:08,0.11,1,1
8/11/2016 17:08,0.11,1,1
8/11/2016 17:08,0.93,1,1
8/11/2016 17:08,1,1,1
8/11/2016 17:08,0.11,1,1
8/11/2016 17:09,0.11,1,1
8/11/2016 17:09,0.11,1,1
8/11/2016 17:09,0.11,1,1
8/11/2016 17:09,0.11,1,1
8/11/2016 17:09,0.93,1,1
8/11/2016 17:09,0.11,1,1
8/11/2016 17:09,1,0.11,1
8/11/2016 17:10,0.11,1,1
8/11/2016 17:10,1,0.11,1
8/11/2016 17:10,0.06,1,1
8/11/2016 17:10,0.11,1,1
8/11/2016 17:10,0.11,1,1
8/11/2016 17:10,1,0.93,1
8/11/2016 17:11,1,0.93,1
8/11/2016 17:11,1,1,1
8/11/2016 17:11,1,0.11,1
8/11/2016 17:11,1,0.11,1
8/11/2016 17:11,1,0.11,1
8/11/2016 17:11,1,0.11,1
8/11/2016 17:11,0.11,1,1
8/11/2016 17:11,0.11,1,1
8/11/2016 17:13,1,0.11,1
8/11/2016 17:17,1,0.93,1
8/11/2016 17:18,1,1.82,1
8/11/2016 17:20,1,0.11,1
8/11/2016 17:21,0.11,1,1
8/11/2016 17:32,0.11,1,1
8/11/2016 17:33,0.11,1,1
8/11/2016 17:34,0.11,1,1
8/11/2016 17:43,0.11,1,1
8/11/2016 17:46,0.11,1,1
8/11/2016 17:49,1,0.11,1
8/11/2016 17:58,1.82,1,1
8/11/2016 18:05,0.11,1,1
8/11/2016 18:07,1,0.93,1
8/11/2016 18:17,1,0.11,1
8/11/2016 18:20,1,0.11,1
8/11/2016 18:27,0.11,1,1
8/11/2016 18:39,1,0.11,1
8/11/2016 18:40,0.11,1,1
8/11/2016 18:43,0.11,1,1
8/11/2016 18:49,1,0.11,1
8/11/2016 18:49,1,0.11,1
8/11/2016 18:49,1,0.11,1
8/11/2016 18:50,0.11,1,1
8/11/2016 18:50,0.11,1,1
8/11/2016 18:54,0.11,1,1
8/11/2016 19:09,0.11,1,1
8/11/2016 19:18,1,1,1.89
8/11/2016 19:27,0.11,1,1
8/11/2016 19:31,0.11,1,1
8/11/2016 19:34,0.11,1,1
8/11/2016 19:41,0.11,1,1
8/11/2016 19:43,0.11,1,1
8/11/2016 19:49,0.11,1,1
8/11/2016 19:50,0.11,1,1
8/11/2016 19:55,0.11,1,1
8/11/2016 19:56,0.11,1,1
8/11/2016 20:00,1,1,1
8/11/2016 20:01,0.11,1,1
8/11/2016 20:16,0.11,1,1
8/11/2016 20:26,0.11,1,1
8/11/2016 20:30,0.11,1,1
8/11/2016 20:40,0.11,1,1
8/11/2016 20:48,0.93,1,1
8/11/2016 20:49,0.11,1,1
8/11/2016 20:49,0.11,1,1
8/11/2016 20:50,0.06,1,1
8/11/2016 21:04,0.11,1,1
8/11/2016 21:11,0.11,1,1
8/11/2016 21:12,0.11,1,1
8/11/2016 21:32,0.11,1,1
8/11/2016 21:44,0.04,1,1
8/11/2016 22:12,0.11,1,1
8/11/2016 22:16,0.11,1,1
8/11/2016 22:33,0.93,1,1
8/11/2016 22:35,0.11,1,1
8/11/2016 22:48,1,1,1
8/11/2016 23:07,1,1,1
8/11/2016 23:12,0.06,1,1
8/11/2016 23:22,0.04,1,1
8/11/2016 23:28,1,1,1.89
8/11/2016 23:45,0.11,1,1
9/11/2016 0:12,1,1,1
9/11/2016 0:18,0.06,1,1
9/11/2016 0:18,21.27,1,1
9/11/2016 0:26,0.11,1,1
9/11/2016 0:30,0.11,1,1
9/11/2016 0:38,1,0.93,1
9/11/2016 0:41,1,0.11,1
9/11/2016 0:44,0.5,1,1
9/11/2016 0:44,1,19.72,1
9/11/2016 0:46,1,1,1
9/11/2016 0:46,0.93,1,1
9/11/2016 0:59,1,38.67,1
9/11/2016 1:00,1,0.93,1
9/11/2016 1:01,0.03,1,1
9/11/2016 1:14,1,0.11,1
9/11/2016 1:18,0.11,1,1
9/11/2016 1:22,0.11,1,1
9/11/2016 1:25,0.11,1,1
9/11/2016 1:33,1,1,1
9/11/2016 1:36,0.06,1,1
9/11/2016 1:45,1,1,0.11
9/11/2016 1:53,1,0.11,1
9/11/2016 2:03,0.11,1,1
9/11/2016 2:06,1,0.11,1
9/11/2016 2:11,0.11,1,1
9/11/2016 2:15,0.11,1,1
9/11/2016 2:23,0.11,1,1
9/11/2016 2:23,0.93,1,1
9/11/2016 2:27,75.03,1,1
9/11/2016 2:28,1,1,19.72
9/11/2016 2:35,2.64,1,1
9/11/2016 2:41,0.11,1,1
9/11/2016 2:48,2.32,1,1
9/11/2016 2:49,1,1,0.11
9/11/2016 2:56,1,1,2.64
9/11/2016 3:02,1,1.89,1
9/11/2016 3:03,1,19.72,1
9/11/2016 3:06,1,56.07,1
9/11/2016 3:14,1,1,2.39
9/11/2016 3:22,2.32,1,1
9/11/2016 3:36,1,1.74,1
9/11/2016 3:38,1,1,1
9/11/2016 3:40,1,1,1
9/11/2016 3:42,5.31,1,1
9/11/2016 3:44,1,0.93,1
9/11/2016 3:47,1.82,1,1
9/11/2016 3:55,1,2.64,1
9/11/2016 3:56,0.11,1,1
9/11/2016 4:21,2.32,1,1
9/11/2016 4:26,38.67,1,1
9/11/2016 4:33,1,0.64,1
9/11/2016 4:33,0.11,1,1
9/11/2016 4:37,1.08,1,1
9/11/2016 4:37,2.32,1,1
9/11/2016 4:37,38.67,1,1
9/11/2016 4:49,2.32,1,1
9/11/2016 4:50,0.06,1,1
9/11/2016 4:51,1.89,1,1
9/11/2016 4:52,1,1,1
9/11/2016 4:53,0.04,1,1
9/11/2016 4:54,0.11,1,1
9/11/2016 4:55,1,21.27,1
9/11/2016 4:56,1,21.27,1
9/11/2016 4:59,0.11,1,1
9/11/2016 5:03,0.06,1,1
9/11/2016 5:05,0.93,1,1
9/11/2016 5:05,0.47,1,1
9/11/2016 5:06,1,2.32,1
9/11/2016 5:08,0.11,1,1
9/11/2016 5:14,0.11,1,1
9/11/2016 5:15,19.72,1,1
9/11/2016 5:26,0.11,1,1
9/11/2016 5:46,0.93,1,1
9/11/2016 5:48,0.11,1,1
9/11/2016 6:14,0.11,1,1
9/11/2016 6:18,1,19.72,1
9/11/2016 6:46,0.93,1,1
9/11/2016 6:54,0.93,1,1
9/11/2016 7:23,0.06,1,1
9/11/2016 7:39,1,21.27,1
9/11/2016 8:44,1,0.11,1
9/11/2016 8:51,0.06,1,1
9/11/2016 9:02,0.06,1,1
9/11/2016 9:07,1,0.11,1
9/11/2016 9:20,1,1,1
9/11/2016 9:56,1,2.32,1
9/11/2016 10:10,0.11,1,1
9/11/2016 11:16,1,1,0.49
9/11/2016 12:50,1,1,1
9/11/2016 12:57,0.11,1,1
9/11/2016 13:06,0.47,1,1
