date,election,hilary,trump
09/11/2016 05:05:00,0.93,1.00,1.00
09/11/2016 05:05:00,0.47,1.00,1.00
09/11/2016 05:03:00,0.06,1.00,1.00
09/11/2016 04:59:00,0.11,1.00,1.00
09/11/2016 04:55:00,1.00,21.27,1.00
09/11/2016 04:56:00,1.00,21.27,1.00
09/11/2016 04:54:00,0.11,1.00,1.00
09/11/2016 04:53:00,0.04,1.00,1.00
09/11/2016 04:52:00,1.00,1.00,1.00
09/11/2016 04:51:00,1.89,1.00,1.00
09/11/2016 04:50:00,0.06,1.00,1.00
09/11/2016 04:49:00,2.32,1.00,1.00
09/11/2016 04:37:00,1.08,1.00,1.00
09/11/2016 04:37:00,2.32,1.00,1.00
09/11/2016 04:37:00,38.67,1.00,1.00
09/11/2016 04:33:00,1.00,0.64,1.00
09/11/2016 02:23:00,0.11,1.00,1.00
09/11/2016 02:06:00,1.00,0.11,1.00
09/11/2016 02:03:00,0.11,1.00,1.00
09/11/2016 01:53:00,1.00,0.11,1.00
09/11/2016 02:11:00,0.11,1.00,1.00
09/11/2016 02:15:00,0.11,1.00,1.00
09/11/2016 01:45:00,1.00,1.00,0.11
09/11/2016 01:36:00,0.06,1.00,1.00
09/11/2016 01:33:00,1.00,1.00,1.00
09/11/2016 01:25:00,0.11,1.00,1.00
09/11/2016 01:22:00,0.11,1.00,1.00
09/11/2016 01:18:00,0.11,1.00,1.00
09/11/2016 01:14:00,1.00,0.11,1.00
09/11/2016 01:01:00,0.03,1.00,1.00
09/11/2016 01:00:00,1.00,0.93,1.00
09/11/2016 00:59:00,1.00,38.67,1.00
09/11/2016 00:46:00,1.00,1.00,1.00
09/11/2016 00:46:00,0.93,1.00,1.00
09/11/2016 00:44:00,0.50,1.00,1.00
09/11/2016 00:44:00,1.00,19.72,1.00
09/11/2016 00:41:00,1.00,0.11,1.00
09/11/2016 00:38:00,1.00,0.93,1.00
09/11/2016 00:30:00,0.11,1.00,1.00
09/11/2016 00:26:00,0.11,1.00,1.00
09/11/2016 00:18:00,0.06,1.00,1.00
09/11/2016 00:18:00,21.27,1.00,1.00
09/11/2016 00:12:00,1.00,1.00,1.00
08/11/2016 23:45:00,0.11,1.00,1.00
08/11/2016 23:28:00,1.00,1.00,1.89
08/11/2016 17:10:00,0.11,1.00,1.00
08/11/2016 23:22:00,0.04,1.00,1.00
08/11/2016 17:09:00,0.11,1.00,1.00
08/11/2016 19:27:00,0.11,1.00,1.00
08/11/2016 19:18:00,1.00,1.00,1.89
08/11/2016 19:09:00,0.11,1.00,1.00
08/11/2016 18:54:00,0.11,1.00,1.00
08/11/2016 18:50:00,0.11,1.00,1.00
08/11/2016 18:50:00,0.11,1.00,1.00
08/11/2016 18:49:00,1.00,0.11,1.00
08/11/2016 18:49:00,1.00,0.11,1.00
08/11/2016 18:49:00,1.00,0.11,1.00
08/11/2016 18:39:00,1.00,0.11,1.00
08/11/2016 18:43:00,0.11,1.00,1.00
08/11/2016 18:40:00,0.11,1.00,1.00
08/11/2016 18:27:00,0.11,1.00,1.00
08/11/2016 18:20:00,1.00,0.11,1.00
08/11/2016 18:17:00,1.00,0.11,1.00
08/11/2016 18:07:00,1.00,0.93,1.00
08/11/2016 18:05:00,0.11,1.00,1.00
08/11/2016 17:58:00,1.82,1.00,1.00
08/11/2016 17:49:00,1.00,0.11,1.00
08/11/2016 17:46:00,0.11,1.00,1.00
08/11/2016 17:43:00,0.11,1.00,1.00
08/11/2016 17:34:00,0.11,1.00,1.00
08/11/2016 17:33:00,0.11,1.00,1.00
08/11/2016 17:32:00,0.11,1.00,1.00
08/11/2016 17:21:00,0.11,1.00,1.00
08/11/2016 17:20:00,1.00,0.11,1.00
08/11/2016 17:13:00,1.00,0.11,1.00
08/11/2016 17:11:00,1.00,0.93,1.00
08/11/2016 17:18:00,1.00,1.82,1.00
08/11/2016 17:17:00,1.00,0.93,1.00
08/11/2016 17:11:00,1.00,1.00,1.00
08/11/2016 17:11:00,1.00,0.11,1.00
08/11/2016 17:11:00,1.00,0.11,1.00
08/11/2016 17:11:00,1.00,0.11,1.00
08/11/2016 17:10:00,1.00,0.11,1.00
08/11/2016 17:11:00,1.00,0.11,1.00
08/11/2016 17:11:00,0.11,1.00,1.00
08/11/2016 17:11:00,0.11,1.00,1.00
08/11/2016 17:10:00,0.06,1.00,1.00
08/11/2016 17:10:00,0.11,1.00,1.00
08/11/2016 17:10:00,0.11,1.00,1.00
08/11/2016 17:10:00,1.00,0.93,1.00
08/11/2016 17:09:00,0.11,1.00,1.00
08/11/2016 17:09:00,0.11,1.00,1.00
08/11/2016 17:09:00,0.11,1.00,1.00
08/11/2016 17:09:00,0.93,1.00,1.00
08/11/2016 17:09:00,0.11,1.00,1.00
08/11/2016 17:08:00,0.11,1.00,1.00
08/11/2016 17:08:00,1.00,1.00,0.11
08/11/2016 17:08:00,0.53,1.00,1.00
08/11/2016 17:08:00,0.11,1.00,1.00
08/11/2016 17:08:00,0.11,1.00,1.00
08/11/2016 17:08:00,0.93,1.00,1.00
08/11/2016 17:08:00,1.00,1.00,1.00
08/11/2016 17:06:00,0.11,1.00,1.00
08/11/2016 17:06:00,0.11,1.00,1.00
08/11/2016 17:06:00,1.00,0.93,1.00
08/11/2016 17:06:00,1.00,0.93,1.00
08/11/2016 17:05:00,0.11,1.00,1.00
08/11/2016 17:05:00,0.11,1.00,1.00
08/11/2016 17:05:00,1.00,1.00,1.00
08/11/2016 17:05:00,0.11,1.00,1.00
08/11/2016 17:05:00,1.00,0.11,1.00
08/11/2016 17:05:00,0.51,1.00,1.00
08/11/2016 17:04:00,1.00,0.11,1.00
08/11/2016 17:04:00,0.11,1.00,1.00
08/11/2016 17:08:00,0.11,1.00,1.00
08/11/2016 17:07:00,0.11,1.00,1.00
08/11/2016 17:07:00,0.93,1.00,1.00
08/11/2016 17:07:00,0.11,1.00,1.00
08/11/2016 17:07:00,0.11,1.00,1.00
08/11/2016 17:04:00,0.11,1.00,1.00
08/11/2016 17:04:00,0.11,1.00,1.00
08/11/2016 17:03:00,0.11,1.00,1.00
08/11/2016 17:03:00,0.93,1.00,1.00
08/11/2016 17:03:00,0.11,1.00,1.00
08/11/2016 17:03:00,1.00,0.11,1.00
08/11/2016 17:03:00,0.93,1.00,1.00
08/11/2016 17:03:00,0.11,1.00,1.00
08/11/2016 17:03:00,0.11,1.00,1.00
08/11/2016 23:12:00,0.06,1.00,1.00
08/11/2016 23:07:00,1.00,1.00,1.00
08/11/2016 22:48:00,1.00,1.00,1.00
08/11/2016 22:35:00,0.11,1.00,1.00
08/11/2016 22:33:00,0.93,1.00,1.00
08/11/2016 22:16:00,0.11,1.00,1.00
08/11/2016 22:12:00,0.11,1.00,1.00
08/11/2016 21:44:00,0.04,1.00,1.00
08/11/2016 21:32:00,0.11,1.00,1.00
08/11/2016 21:12:00,0.11,1.00,1.00
08/11/2016 21:11:00,0.11,1.00,1.00
08/11/2016 21:04:00,0.11,1.00,1.00
08/11/2016 20:50:00,0.06,1.00,1.00
08/11/2016 20:49:00,0.11,1.00,1.00
08/11/2016 20:49:00,0.11,1.00,1.00
08/11/2016 20:48:00,0.93,1.00,1.00
08/11/2016 20:40:00,0.11,1.00,1.00
08/11/2016 20:30:00,0.11,1.00,1.00
08/11/2016 20:26:00,0.11,1.00,1.00
08/11/2016 20:16:00,0.11,1.00,1.00
08/11/2016 20:01:00,0.11,1.00,1.00
08/11/2016 20:00:00,1.00,1.00,1.00
08/11/2016 19:56:00,0.11,1.00,1.00
08/11/2016 19:55:00,0.11,1.00,1.00
08/11/2016 19:50:00,0.11,1.00,1.00
08/11/2016 19:49:00,0.11,1.00,1.00
08/11/2016 19:43:00,0.11,1.00,1.00
08/11/2016 19:41:00,0.11,1.00,1.00
08/11/2016 19:34:00,0.11,1.00,1.00
08/11/2016 19:31:00,0.11,1.00,1.00
08/11/2016 17:03:00,0.11,1.00,1.00
08/11/2016 17:02:00,0.93,1.00,1.00
08/11/2016 17:02:00,0.11,1.00,1.00
08/11/2016 17:02:00,0.11,1.00,1.00
08/11/2016 17:02:00,0.04,1.00,1.00
08/11/2016 17:02:00,1.89,1.00,1.00
08/11/2016 17:02:00,0.11,1.00,1.00
08/11/2016 17:01:00,0.11,1.00,1.00
08/11/2016 17:01:00,0.06,1.00,1.00
08/11/2016 17:01:00,0.93,1.00,1.00
08/11/2016 17:01:00,0.93,1.00,1.00
08/11/2016 17:01:00,0.93,1.00,1.00
08/11/2016 17:01:00,1.82,1.00,1.00
08/11/2016 17:01:00,0.11,1.00,1.00
08/11/2016 17:01:00,1.00,0.11,1.00
08/11/2016 17:01:00,1.39,1.00,1.00
08/11/2016 17:01:00,1.00,0.06,1.00
08/11/2016 17:00:00,1.00,1.00,1.00
08/11/2016 17:00:00,0.11,1.00,1.00
08/11/2016 17:00:00,0.11,1.00,1.00
08/11/2016 17:00:00,0.47,1.00,1.00
08/11/2016 17:00:00,0.11,1.00,1.00
08/11/2016 17:00:00,0.11,1.00,1.00
08/11/2016 17:00:00,0.97,1.00,1.00
08/11/2016 17:00:00,0.11,1.00,1.00
08/11/2016 17:00:00,0.11,1.00,1.00
08/11/2016 17:00:00,1.00,1.00,0.93
08/11/2016 16:59:00,0.11,1.00,1.00
08/11/2016 16:59:00,0.11,1.00,1.00
08/11/2016 16:59:00,0.11,1.00,1.00
08/11/2016 17:09:00,1.00,0.11,1.00
08/11/2016 17:04:00,1.00,1.00,1.00
08/11/2016 17:00:00,0.11,1.00,1.00
08/11/2016 16:59:00,1.00,1.00,1.00
08/11/2016 16:59:00,1.00,19.72,1.00
08/11/2016 16:59:00,2.32,1.00,1.00
08/11/2016 16:59:00,21.27,1.00,1.00
08/11/2016 16:59:00,1.00,37.12,1.00
08/11/2016 16:58:00,0.11,1.00,1.00
08/11/2016 16:58:00,0.11,1.00,1.00
08/11/2016 16:58:00,0.11,1.00,1.00
08/11/2016 16:58:00,0.11,1.00,1.00
08/11/2016 16:57:00,1.00,19.72,1.00
08/11/2016 16:57:00,1.00,2.32,1.00
08/11/2016 16:57:00,1.00,2.32,1.00
08/11/2016 16:57:00,0.11,1.00,1.00
08/11/2016 16:57:00,0.11,1.00,1.00
08/11/2016 16:56:00,0.11,1.00,1.00
08/11/2016 16:56:00,0.04,1.00,1.00
08/11/2016 16:56:00,0.11,1.00,1.00
08/11/2016 16:56:00,0.11,1.00,1.00
08/11/2016 16:56:00,2.32,1.00,1.00
08/11/2016 16:55:00,0.11,1.00,1.00
08/11/2016 16:55:00,1.00,0.11,1.00
08/11/2016 16:55:00,0.11,1.00,1.00
08/11/2016 16:55:00,1.00,1.00,1.00
08/11/2016 16:55:00,0.11,1.00,1.00
08/11/2016 16:55:00,1.00,1.00,1.00
08/11/2016 16:55:00,0.11,1.00,1.00
08/11/2016 16:55:00,0.11,1.00,1.00
08/11/2016 16:55:00,0.11,1.00,1.00
08/11/2016 16:55:00,0.11,1.00,1.00
08/11/2016 16:55:00,0.93,1.00,1.00
08/11/2016 16:55:00,1.00,0.11,1.00
08/11/2016 16:55:00,0.11,1.00,1.00
08/11/2016 16:54:00,1.00,0.11,1.00
08/11/2016 16:54:00,0.11,1.00,1.00
08/11/2016 16:55:00,0.11,1.00,1.00
08/11/2016 16:54:00,0.11,1.00,1.00
08/11/2016 16:54:00,0.93,1.00,1.00
08/11/2016 16:54:00,38.67,1.00,1.00
08/11/2016 16:54:00,1.00,19.72,1.00
08/11/2016 16:54:00,1.00,0.11,1.00
08/11/2016 16:54:00,1.00,0.11,1.00
08/11/2016 16:53:00,1.00,38.67,1.00
08/11/2016 16:53:00,1.00,1.82,1.00
08/11/2016 16:53:00,1.00,2.32,1.00
08/11/2016 16:52:00,1.00,2.32,1.00
08/11/2016 16:52:00,1.00,0.11,1.00
08/11/2016 16:52:00,1.00,1.00,1.00
08/11/2016 16:52:00,1.00,0.11,1.00
08/11/2016 16:52:00,0.11,1.00,1.00
08/11/2016 16:52:00,0.11,1.00,1.00
08/11/2016 16:52:00,1.00,0.11,1.00
08/11/2016 16:51:00,1.00,0.11,1.00
08/11/2016 16:51:00,1.00,0.11,1.00
08/11/2016 16:50:00,1.00,0.11,1.00
08/11/2016 16:50:00,1.00,0.11,1.00
08/11/2016 16:50:00,1.00,0.11,1.00
08/11/2016 16:50:00,1.00,0.11,1.00
08/11/2016 16:50:00,1.00,0.11,1.00
08/11/2016 16:50:00,1.00,0.11,1.00
08/11/2016 16:50:00,1.00,0.93,1.00
08/11/2016 16:50:00,1.00,0.93,1.00
08/11/2016 16:49:00,1.00,0.11,1.00
08/11/2016 16:50:00,1.00,54.52,1.00
08/11/2016 16:49:00,0.06,1.00,1.00
08/11/2016 16:49:00,1.00,1.00,0.11
08/11/2016 16:49:00,0.11,1.00,1.00
08/11/2016 16:46:00,1.00,0.11,1.00
08/11/2016 16:46:00,1.00,1.00,1.00
08/11/2016 16:49:00,1.00,1.00,1.00
08/11/2016 16:48:00,0.93,1.00,1.00
08/11/2016 16:49:00,0.93,1.00,1.00
08/11/2016 16:48:00,0.11,1.00,1.00
08/11/2016 16:48:00,0.93,1.00,1.00
08/11/2016 16:47:00,0.11,1.00,1.00
08/11/2016 16:47:00,0.11,1.00,1.00
08/11/2016 16:47:00,0.11,1.00,1.00
08/11/2016 16:47:00,1.00,0.11,1.00
08/11/2016 16:47:00,1.00,0.11,1.00
08/11/2016 16:47:00,0.11,1.00,1.00
08/11/2016 16:47:00,0.11,1.00,1.00
08/11/2016 16:46:00,0.93,1.00,1.00
08/11/2016 16:46:00,0.11,1.00,1.00
08/11/2016 16:49:00,0.11,1.00,1.00
08/11/2016 16:46:00,0.11,1.00,1.00
08/11/2016 16:46:00,2.32,1.00,1.00
08/11/2016 16:46:00,1.00,1.00,0.11
08/11/2016 16:46:00,1.00,0.11,1.00
08/11/2016 16:46:00,0.11,1.00,1.00
08/11/2016 16:45:00,0.11,1.00,1.00
08/11/2016 16:45:00,0.11,1.00,1.00
08/11/2016 16:45:00,0.93,1.00,1.00
08/11/2016 16:45:00,0.93,1.00,1.00
08/11/2016 16:45:00,0.11,1.00,1.00
08/11/2016 16:44:00,1.00,1.00,1.00
08/11/2016 16:45:00,0.11,1.00,1.00
08/11/2016 16:45:00,0.11,1.00,1.00
08/11/2016 16:45:00,1.00,1.00,1.00
08/11/2016 16:44:00,1.00,0.11,1.00
08/11/2016 16:44:00,0.11,1.00,1.00
08/11/2016 16:44:00,0.11,1.00,1.00
08/11/2016 16:44:00,0.11,1.00,1.00
08/11/2016 16:43:00,0.11,1.00,1.00
08/11/2016 16:49:00,0.11,1.00,1.00
08/11/2016 16:43:00,0.11,1.00,1.00
08/11/2016 16:43:00,0.11,1.00,1.00
08/11/2016 16:43:00,0.11,1.00,1.00
08/11/2016 16:42:00,0.11,1.00,1.00
08/11/2016 16:42:00,1.00,0.11,1.00
08/11/2016 16:42:00,0.06,1.00,1.00
08/11/2016 16:42:00,1.00,1.00,1.00
08/11/2016 16:42:00,1.00,56.07,1.00
08/11/2016 16:41:00,0.11,1.00,1.00
08/11/2016 16:41:00,2.32,1.00,1.00
08/11/2016 16:40:00,0.11,1.00,1.00
08/11/2016 16:41:00,1.74,1.00,1.00
08/11/2016 16:40:00,0.11,1.00,1.00
08/11/2016 16:40:00,1.00,1.00,1.89
08/11/2016 16:40:00,0.06,1.00,1.00
08/11/2016 16:39:00,0.11,1.00,1.00
08/11/2016 16:39:00,1.00,19.72,1.00
08/11/2016 16:38:00,0.11,1.00,1.00
08/11/2016 16:38:00,1.00,1.00,2.32
08/11/2016 16:38:00,0.11,1.00,1.00
08/11/2016 16:38:00,1.00,0.93,1.00
08/11/2016 16:38:00,1.00,0.04,1.00
08/11/2016 16:38:00,0.11,1.00,1.00
08/11/2016 16:38:00,0.11,1.00,1.00
08/11/2016 16:38:00,0.11,1.00,1.00
08/11/2016 16:37:00,1.00,1.00,0.51
08/11/2016 16:37:00,0.06,1.00,1.00
08/11/2016 16:37:00,1.00,0.06,1.00
08/11/2016 16:37:00,0.11,1.00,1.00
08/11/2016 16:37:00,0.51,1.00,1.00
08/11/2016 16:36:00,1.00,19.72,1.00
08/11/2016 16:36:00,2.32,1.00,1.00
08/11/2016 16:36:00,0.11,1.00,1.00
08/11/2016 16:36:00,0.11,1.00,1.00
08/11/2016 16:36:00,0.11,1.00,1.00
08/11/2016 16:36:00,1.00,19.72,1.00
08/11/2016 16:36:00,0.11,1.00,1.00
08/11/2016 16:35:00,1.00,1.00,1.00
08/11/2016 16:35:00,0.11,1.00,1.00
08/11/2016 16:35:00,1.00,0.93,1.00
08/11/2016 16:34:00,21.27,1.00,1.00
08/11/2016 16:34:00,2.32,1.00,1.00
08/11/2016 16:34:00,1.00,0.11,1.00
08/11/2016 16:34:00,1.00,0.11,1.00
08/11/2016 16:34:00,1.00,0.11,1.00
08/11/2016 16:33:00,1.00,0.06,1.00
08/11/2016 16:33:00,1.00,38.67,1.00
08/11/2016 16:33:00,2.32,1.00,1.00
08/11/2016 16:33:00,1.00,0.11,1.00
08/11/2016 16:33:00,0.11,1.00,1.00
08/11/2016 16:33:00,0.11,1.00,1.00
08/11/2016 16:33:00,1.00,0.11,1.00
08/11/2016 16:33:00,0.93,1.00,1.00
08/11/2016 16:33:00,0.11,1.00,1.00
08/11/2016 16:33:00,0.11,1.00,1.00
08/11/2016 16:33:00,1.00,1.00,1.00
08/11/2016 16:33:00,0.11,1.00,1.00
08/11/2016 16:33:00,0.11,1.00,1.00
08/11/2016 16:32:00,0.11,1.00,1.00
08/11/2016 16:32:00,1.00,37.12,1.00
08/11/2016 16:32:00,0.11,1.00,1.00
08/11/2016 16:32:00,1.00,0.93,1.00
08/11/2016 16:32:00,19.72,1.00,1.00
08/11/2016 16:32:00,0.11,1.00,1.00
08/11/2016 16:31:00,1.00,1.00,1.00
08/11/2016 16:31:00,0.11,1.00,1.00
08/11/2016 16:31:00,0.11,1.00,1.00
08/11/2016 16:31:00,1.00,0.11,1.00
08/11/2016 16:31:00,0.06,1.00,1.00
08/11/2016 16:31:00,19.72,1.00,1.00
08/11/2016 16:31:00,0.11,1.00,1.00
08/11/2016 16:31:00,0.93,1.00,1.00
08/11/2016 16:30:00,0.93,1.00,1.00
08/11/2016 16:30:00,1.00,1.00,1.00
08/11/2016 16:30:00,1.00,1.00,0.93
08/11/2016 16:30:00,0.06,1.00,1.00
08/11/2016 16:30:00,0.11,1.00,1.00
08/11/2016 16:30:00,0.11,1.00,1.00
08/11/2016 16:29:00,0.47,1.00,1.00
08/11/2016 16:29:00,1.00,1.00,1.00
08/11/2016 16:29:00,0.11,1.00,1.00
08/11/2016 16:29:00,1.00,0.11,1.00
08/11/2016 16:29:00,0.06,1.00,1.00
08/11/2016 16:29:00,0.93,1.00,1.00
08/11/2016 16:28:00,0.11,1.00,1.00
08/11/2016 16:28:00,1.00,0.11,1.00
08/11/2016 16:28:00,0.11,1.00,1.00
08/11/2016 16:28:00,1.00,19.72,1.00
08/11/2016 16:28:00,0.11,1.00,1.00
08/11/2016 16:28:00,0.11,1.00,1.00
08/11/2016 16:27:00,1.00,1.00,1.00
08/11/2016 16:27:00,0.11,1.00,1.00
08/11/2016 16:27:00,0.11,1.00,1.00
08/11/2016 16:27:00,0.11,1.00,1.00
08/11/2016 16:27:00,0.11,1.00,1.00
08/11/2016 16:27:00,0.11,1.00,1.00
08/11/2016 16:26:00,1.74,1.00,1.00
08/11/2016 16:26:00,0.11,1.00,1.00
08/11/2016 16:28:00,0.11,1.00,1.00
08/11/2016 16:28:00,0.11,1.00,1.00
08/11/2016 16:28:00,0.11,1.00,1.00
08/11/2016 16:28:00,0.11,1.00,1.00
08/11/2016 16:28:00,0.11,1.00,1.00
08/11/2016 16:28:00,0.11,1.00,1.00
08/11/2016 16:26:00,0.11,1.00,1.00
08/11/2016 16:26:00,0.11,1.00,1.00
08/11/2016 16:25:00,2.32,1.00,1.00
08/11/2016 16:25:00,0.11,1.00,1.00
08/11/2016 16:25:00,0.11,1.00,1.00
08/11/2016 16:25:00,0.93,1.00,1.00
08/11/2016 16:25:00,1.00,1.00,1.00
08/11/2016 16:24:00,1.00,1.00,1.00
08/11/2016 16:24:00,0.11,1.00,1.00
08/11/2016 16:24:00,0.11,1.00,1.00
08/11/2016 16:24:00,0.11,1.00,1.00
08/11/2016 16:24:00,0.47,1.00,1.00
08/11/2016 16:23:00,0.11,1.00,1.00
08/11/2016 16:23:00,1.00,1.74,1.00
08/11/2016 16:23:00,0.93,1.00,1.00
08/11/2016 16:23:00,1.82,1.00,1.00
08/11/2016 16:23:00,1.74,1.00,1.00
08/11/2016 16:23:00,0.06,1.00,1.00
08/11/2016 16:22:00,0.47,1.00,1.00
08/11/2016 16:22:00,1.00,0.11,1.00
08/11/2016 16:22:00,0.11,1.00,1.00
08/11/2016 16:22:00,1.00,0.11,1.00
08/11/2016 16:22:00,1.00,0.11,1.00
08/11/2016 16:22:00,2.32,1.00,1.00
08/11/2016 16:22:00,1.00,1.00,1.00
08/11/2016 16:21:00,1.89,1.00,1.00
08/11/2016 16:21:00,0.93,1.00,1.00
08/11/2016 16:21:00,0.11,1.00,1.00
08/11/2016 16:21:00,1.00,1.00,1.00
08/11/2016 16:21:00,0.11,1.00,1.00
08/11/2016 16:21:00,1.00,1.00,1.00
08/11/2016 16:21:00,0.11,1.00,1.00
08/11/2016 16:20:00,1.00,19.72,1.00
08/11/2016 16:20:00,1.00,0.11,1.00
08/11/2016 16:20:00,0.11,1.00,1.00
08/11/2016 16:20:00,1.00,38.67,1.00
08/11/2016 16:19:00,0.11,1.00,1.00
08/11/2016 16:19:00,0.11,1.00,1.00
08/11/2016 16:19:00,1.00,19.72,1.00
08/11/2016 16:18:00,1.00,2.32,1.00
08/11/2016 16:18:00,0.11,1.00,1.00
08/11/2016 16:17:00,0.11,1.00,1.00
08/11/2016 16:17:00,1.00,1.00,0.11
08/11/2016 16:17:00,0.11,1.00,1.00
08/11/2016 16:17:00,1.00,0.11,1.00
08/11/2016 16:17:00,1.00,1.00,1.00
08/11/2016 16:17:00,2.64,1.00,1.00
08/11/2016 16:17:00,1.00,0.11,1.00
08/11/2016 16:16:00,1.00,0.11,1.00
08/11/2016 16:16:00,0.11,1.00,1.00
08/11/2016 16:16:00,0.11,1.00,1.00
08/11/2016 16:16:00,1.00,0.11,1.00
08/11/2016 16:16:00,0.11,1.00,1.00
08/11/2016 16:16:00,0.11,1.00,1.00
08/11/2016 16:16:00,0.11,1.00,1.00
08/11/2016 16:15:00,0.11,1.00,1.00
08/11/2016 16:15:00,1.00,0.93,1.00
08/11/2016 16:15:00,1.00,19.72,1.00
08/11/2016 16:15:00,0.11,1.00,1.00
08/11/2016 16:15:00,1.00,1.00,1.00
09/11/2016 02:23:00,0.93,1.00,1.00
09/11/2016 06:18:00,1.00,19.72,1.00
09/11/2016 06:14:00,0.11,1.00,1.00
09/11/2016 05:48:00,0.11,1.00,1.00
09/11/2016 05:46:00,0.93,1.00,1.00
09/11/2016 05:26:00,0.11,1.00,1.00
09/11/2016 05:15:00,19.72,1.00,1.00
09/11/2016 05:14:00,0.11,1.00,1.00
09/11/2016 05:08:00,0.11,1.00,1.00
09/11/2016 05:06:00,1.00,2.32,1.00
09/11/2016 06:46:00,0.93,1.00,1.00
09/11/2016 04:26:00,38.67,1.00,1.00
09/11/2016 04:21:00,2.32,1.00,1.00
09/11/2016 03:56:00,0.11,1.00,1.00
09/11/2016 03:55:00,1.00,2.64,1.00
09/11/2016 03:47:00,1.82,1.00,1.00
09/11/2016 03:44:00,1.00,0.93,1.00
09/11/2016 03:42:00,5.31,1.00,1.00
09/11/2016 03:40:00,1.00,1.00,1.00
09/11/2016 03:38:00,1.00,1.00,1.00
09/11/2016 03:36:00,1.00,1.74,1.00
09/11/2016 03:22:00,2.32,1.00,1.00
09/11/2016 03:14:00,1.00,1.00,2.39
09/11/2016 03:06:00,1.00,56.07,1.00
09/11/2016 03:03:00,1.00,19.72,1.00
09/11/2016 03:02:00,1.00,1.89,1.00
09/11/2016 02:56:00,1.00,1.00,2.64
09/11/2016 02:49:00,1.00,1.00,0.11
09/11/2016 02:48:00,2.32,1.00,1.00
09/11/2016 02:41:00,0.11,1.00,1.00
09/11/2016 02:35:00,2.64,1.00,1.00
09/11/2016 02:28:00,1.00,1.00,19.72
09/11/2016 02:27:00,75.03,1.00,1.00
09/11/2016 04:33:00,0.11,1.00,1.00
08/11/2016 16:15:00,1.00,2.32,1.00
09/11/2016 13:06:00,0.47,1.00,1.00
09/11/2016 12:57:00,0.11,1.00,1.00
09/11/2016 06:54:00,0.93,1.00,1.00
09/11/2016 09:02:00,0.06,1.00,1.00
09/11/2016 12:50:00,1.00,1.00,1.00
09/11/2016 11:16:00,1.00,1.00,0.49
09/11/2016 08:51:00,0.06,1.00,1.00
09/11/2016 08:44:00,1.00,0.11,1.00
09/11/2016 10:10:00,0.11,1.00,1.00
09/11/2016 09:56:00,1.00,2.32,1.00
09/11/2016 09:20:00,1.00,1.00,1.00
09/11/2016 09:07:00,1.00,0.11,1.00
09/11/2016 07:39:00,1.00,21.27,1.00
09/11/2016 07:23:00,0.06,1.00,1.00
08/11/2016 16:15:00,1.00,1.00,21.27
08/11/2016 16:15:00,1.00,1.00,1.00
08/11/2016 16:15:00,0.11,1.00,1.00
08/11/2016 16:15:00,1.00,1.00,1.00
08/11/2016 16:15:00,1.00,1.00,1.00
08/11/2016 16:15:00,1.00,1.82,1.00
08/11/2016 16:15:00,0.51,1.00,1.00
08/11/2016 16:14:00,0.51,1.00,1.00
08/11/2016 16:14:00,1.00,0.06,1.00
08/11/2016 16:14:00,0.93,1.00,1.00
08/11/2016 16:14:00,0.11,1.00,1.00
08/11/2016 16:14:00,0.11,1.00,1.00
08/11/2016 16:14:00,0.11,1.00,1.00
08/11/2016 16:13:00,0.47,1.00,1.00
08/11/2016 16:13:00,0.06,1.00,1.00
08/11/2016 16:13:00,0.11,1.00,1.00
08/11/2016 16:14:00,0.11,1.00,1.00
08/11/2016 16:13:00,0.11,1.00,1.00
08/11/2016 16:13:00,0.11,1.00,1.00
08/11/2016 16:12:00,0.11,1.00,1.00
08/11/2016 16:12:00,0.93,1.00,1.00
08/11/2016 16:12:00,0.11,1.00,1.00
08/11/2016 16:12:00,2.32,1.00,1.00
08/11/2016 16:12:00,1.00,1.00,1.00
08/11/2016 16:11:00,1.00,0.11,1.00
08/11/2016 16:11:00,1.00,0.11,1.00
08/11/2016 16:11:00,0.11,1.00,1.00
08/11/2016 16:11:00,1.00,0.11,1.00
08/11/2016 16:11:00,1.00,0.06,1.00
08/11/2016 16:11:00,0.11,1.00,1.00
08/11/2016 16:11:00,2.32,1.00,1.00
08/11/2016 16:10:00,0.11,1.00,1.00
08/11/2016 16:10:00,0.93,1.00,1.00
08/11/2016 16:10:00,0.11,1.00,1.00
08/11/2016 16:10:00,1.00,0.93,1.00
08/11/2016 16:10:00,0.06,1.00,1.00
08/11/2016 16:10:00,1.00,0.11,1.00
08/11/2016 16:10:00,38.67,1.00,1.00
08/11/2016 16:10:00,0.11,1.00,1.00
08/11/2016 16:10:00,0.11,1.00,1.00
08/11/2016 16:10:00,1.00,0.93,1.00
08/11/2016 16:09:00,1.00,1.00,1.00
08/11/2016 16:09:00,1.00,0.93,1.00
08/11/2016 16:09:00,0.11,1.00,1.00
08/11/2016 16:09:00,0.11,1.00,1.00
08/11/2016 16:09:00,1.00,0.11,1.00
08/11/2016 16:09:00,0.11,1.00,1.00
08/11/2016 16:09:00,0.11,1.00,1.00
08/11/2016 16:09:00,0.51,1.00,1.00
08/11/2016 16:09:00,0.06,1.00,1.00
08/11/2016 16:08:00,0.11,1.00,1.00
08/11/2016 16:08:00,0.06,1.00,1.00
08/11/2016 16:08:00,0.11,1.00,1.00
08/11/2016 16:08:00,0.06,1.00,1.00
08/11/2016 16:08:00,0.93,1.00,1.00
08/11/2016 16:08:00,1.00,1.00,1.00
08/11/2016 16:08:00,1.00,0.11,1.00
08/11/2016 16:08:00,1.00,0.97,1.00
08/11/2016 16:07:00,0.06,1.00,1.00
08/11/2016 16:07:00,2.32,1.00,1.00
08/11/2016 16:07:00,0.11,1.00,1.00
08/11/2016 16:07:00,1.00,1.00,0.93
08/11/2016 16:07:00,1.00,0.11,1.00
08/11/2016 16:07:00,1.00,1.00,1.00
08/11/2016 16:07:00,0.53,1.00,1.00
08/11/2016 16:06:00,2.56,1.00,1.00
08/11/2016 16:06:00,0.11,1.00,1.00
08/11/2016 16:06:00,40.23,1.00,1.00
08/11/2016 16:06:00,0.93,1.00,1.00
08/11/2016 16:06:00,1.89,1.00,1.00
08/11/2016 16:07:00,0.11,1.00,1.00
08/11/2016 16:06:00,0.93,1.00,1.00
08/11/2016 16:06:00,0.93,1.00,1.00
08/11/2016 16:06:00,38.67,1.00,1.00
08/11/2016 16:05:00,0.11,1.00,1.00
08/11/2016 16:05:00,1.82,1.00,1.00
08/11/2016 16:05:00,1.00,0.06,1.00
08/11/2016 16:05:00,0.11,1.00,1.00
08/11/2016 16:05:00,1.00,1.00,1.00
08/11/2016 16:04:00,19.72,1.00,1.00
08/11/2016 16:04:00,1.00,0.93,1.00
08/11/2016 16:04:00,0.49,1.00,1.00
08/11/2016 16:04:00,0.06,1.00,1.00
08/11/2016 16:03:00,0.11,1.00,1.00
08/11/2016 16:03:00,0.06,1.00,1.00
08/11/2016 16:03:00,0.11,1.00,1.00
08/11/2016 16:03:00,1.00,0.51,1.00
08/11/2016 16:03:00,1.00,2.64,1.00
08/11/2016 16:03:00,0.06,1.00,1.00
08/11/2016 16:03:00,1.00,73.47,1.00
08/11/2016 16:03:00,37.12,1.00,1.00
08/11/2016 16:02:00,0.03,1.00,1.00
08/11/2016 16:02:00,0.11,1.00,1.00
08/11/2016 16:02:00,0.49,1.00,1.00
08/11/2016 16:02:00,2.32,1.00,1.00
08/11/2016 16:02:00,2.32,1.00,1.00
08/11/2016 16:01:00,1.00,0.93,1.00
08/11/2016 16:01:00,1.00,0.51,1.00
08/11/2016 16:01:00,1.00,1.00,1.00
08/11/2016 16:01:00,0.53,1.00,1.00
08/11/2016 16:00:00,1.00,0.06,1.00
08/11/2016 16:00:00,0.11,1.00,1.00
08/11/2016 16:00:00,1.00,0.11,1.00
08/11/2016 16:00:00,2.32,1.00,1.00
08/11/2016 16:00:00,1.00,1.89,1.00
08/11/2016 16:00:00,0.11,1.00,1.00
08/11/2016 16:00:00,0.11,1.00,1.00
08/11/2016 16:00:00,1.00,1.00,1.00
08/11/2016 16:00:00,1.00,0.11,1.00
08/11/2016 16:00:00,1.82,1.00,1.00
08/11/2016 15:59:00,0.93,1.00,1.00
08/11/2016 15:59:00,0.93,1.00,1.00
08/11/2016 15:59:00,0.93,1.00,1.00
08/11/2016 15:59:00,0.06,1.00,1.00
08/11/2016 15:59:00,0.11,1.00,1.00
08/11/2016 15:59:00,0.11,1.00,1.00
08/11/2016 15:59:00,1.74,1.00,1.00
08/11/2016 15:58:00,37.12,1.00,1.00
08/11/2016 15:58:00,0.06,1.00,1.00
08/11/2016 15:58:00,1.40,1.00,1.00
08/11/2016 15:58:00,0.11,1.00,1.00
08/11/2016 15:58:00,0.11,1.00,1.00
08/11/2016 15:58:00,0.06,1.00,1.00
08/11/2016 15:58:00,0.06,1.00,1.00
08/11/2016 15:58:00,0.11,1.00,1.00
08/11/2016 15:58:00,1.00,0.04,1.00
08/11/2016 15:58:00,0.49,1.00,1.00
08/11/2016 15:58:00,1.00,0.93,1.00
08/11/2016 15:58:00,1.00,1.00,1.00
08/11/2016 15:57:00,2.32,1.00,1.00
08/11/2016 15:57:00,1.00,19.72,1.00
08/11/2016 15:57:00,2.32,1.00,1.00
08/11/2016 15:57:00,1.00,1.00,38.67
08/11/2016 15:57:00,0.06,1.00,1.00
08/11/2016 15:57:00,0.47,1.00,1.00
08/11/2016 15:57:00,1.00,0.93,1.00
08/11/2016 15:57:00,2.32,1.00,1.00
08/11/2016 15:56:00,1.00,1.00,1.00
08/11/2016 15:56:00,2.32,1.00,1.00
08/11/2016 15:56:00,1.00,38.67,1.00
08/11/2016 15:55:00,1.00,1.00,1.00
08/11/2016 15:55:00,0.11,1.00,1.00
08/11/2016 15:55:00,0.06,1.00,1.00
08/11/2016 15:55:00,0.06,1.00,1.00
08/11/2016 15:55:00,1.00,1.00,1.00
08/11/2016 15:55:00,2.32,1.00,1.00
08/11/2016 15:55:00,0.06,1.00,1.00
08/11/2016 15:55:00,0.11,1.00,1.00
08/11/2016 15:55:00,0.11,1.00,1.00
08/11/2016 15:54:00,1.00,0.11,1.00
08/11/2016 15:54:00,0.11,1.00,1.00
08/11/2016 15:54:00,0.49,1.00,1.00
08/11/2016 15:54:00,0.11,1.00,1.00
08/11/2016 15:54:00,1.00,0.11,1.00
08/11/2016 15:54:00,1.00,1.00,1.00
08/11/2016 15:54:00,0.11,1.00,1.00
08/11/2016 15:53:00,0.11,1.00,1.00
08/11/2016 15:53:00,0.11,1.00,1.00
08/11/2016 15:53:00,0.11,1.00,1.00
08/11/2016 15:53:00,0.11,1.00,1.00
08/11/2016 15:53:00,1.00,1.00,1.00
08/11/2016 15:53:00,0.11,1.00,1.00
08/11/2016 15:53:00,0.11,1.00,1.00
08/11/2016 15:58:00,0.11,1.00,1.00
08/11/2016 15:52:00,0.93,1.00,1.00
08/11/2016 15:53:00,0.11,1.00,1.00
08/11/2016 15:52:00,1.00,1.00,1.00
08/11/2016 15:52:00,0.93,1.00,1.00
08/11/2016 15:52:00,21.27,1.00,1.00
08/11/2016 15:52:00,0.11,1.00,1.00
08/11/2016 15:52:00,1.82,1.00,1.00
08/11/2016 15:52:00,2.32,1.00,1.00
08/11/2016 15:51:00,2.32,1.00,1.00
08/11/2016 15:51:00,2.32,1.00,1.00
08/11/2016 15:51:00,0.06,1.00,1.00
08/11/2016 15:51:00,1.89,1.00,1.00
08/11/2016 15:50:00,1.00,1.00,1.00
08/11/2016 15:50:00,1.00,1.00,1.89
08/11/2016 15:49:00,40.23,1.00,1.00
08/11/2016 15:49:00,0.06,1.00,1.00
08/11/2016 15:49:00,0.04,1.00,1.00
08/11/2016 15:49:00,0.06,1.00,1.00
08/11/2016 15:49:00,0.06,1.00,1.00
08/11/2016 15:49:00,1.00,1.00,0.06
08/11/2016 15:49:00,1.00,19.72,1.00
08/11/2016 15:49:00,1.00,1.00,1.00
08/11/2016 15:49:00,1.00,2.77,1.00
08/11/2016 15:49:00,0.06,1.00,1.00
08/11/2016 15:48:00,0.11,1.00,1.00
08/11/2016 15:48:00,0.89,1.00,1.00
08/11/2016 15:48:00,2.32,1.00,1.00
08/11/2016 15:49:00,1.00,0.11,1.00
08/11/2016 15:48:00,1.00,1.00,0.49
08/11/2016 15:48:00,1.00,1.00,0.49
08/11/2016 15:48:00,1.00,1.00,1.00
08/11/2016 15:47:00,1.00,0.93,1.00
08/11/2016 15:47:00,1.00,0.11,1.00
08/11/2016 15:47:00,1.00,0.11,1.00
08/11/2016 15:46:00,1.00,0.11,1.00
08/11/2016 15:46:00,1.00,0.11,1.00
08/11/2016 15:46:00,1.00,0.11,1.00
08/11/2016 15:45:00,1.00,37.12,1.00
08/11/2016 15:45:00,1.00,38.67,1.00
08/11/2016 15:45:00,1.00,73.47,1.00
08/11/2016 15:45:00,1.00,0.93,1.00
08/11/2016 15:44:00,1.00,1.82,1.00
08/11/2016 15:44:00,1.00,2.64,1.00
08/11/2016 15:44:00,0.34,1.00,1.00
08/11/2016 15:44:00,1.00,1.00,1.00
08/11/2016 15:43:00,0.11,1.00,1.00
08/11/2016 15:43:00,0.11,1.00,1.00
08/11/2016 15:43:00,0.11,1.00,1.00
08/11/2016 15:42:00,0.93,1.00,1.00
08/11/2016 15:42:00,0.51,1.00,1.00
08/11/2016 15:42:00,0.11,1.00,1.00
08/11/2016 15:42:00,0.11,1.00,1.00
08/11/2016 15:42:00,0.11,1.00,1.00
08/11/2016 15:42:00,1.00,0.11,1.00
08/11/2016 15:41:00,0.11,1.00,1.00
08/11/2016 15:41:00,2.64,1.00,1.00
08/11/2016 15:41:00,0.11,1.00,1.00
08/11/2016 15:41:00,0.11,1.00,1.00
08/11/2016 15:41:00,1.00,0.11,1.00
08/11/2016 15:41:00,1.00,38.67,1.00
08/11/2016 15:41:00,19.72,1.00,1.00
08/11/2016 15:40:00,0.47,1.00,1.00
08/11/2016 15:40:00,0.11,1.00,1.00
08/11/2016 15:40:00,2.32,1.00,1.00
08/11/2016 15:40:00,0.11,1.00,1.00
08/11/2016 15:40:00,1.00,0.11,1.00
08/11/2016 15:39:00,0.11,1.00,1.00
08/11/2016 15:39:00,0.11,1.00,1.00
08/11/2016 15:39:00,1.00,1.00,1.00
08/11/2016 15:38:00,1.00,0.47,1.00
08/11/2016 15:38:00,0.11,1.00,1.00
08/11/2016 15:38:00,0.11,1.00,1.00
08/11/2016 15:38:00,0.11,1.00,1.00
08/11/2016 15:37:00,0.11,1.00,1.00
08/11/2016 15:34:00,0.11,1.00,1.00
08/11/2016 15:34:00,0.11,1.00,1.00
08/11/2016 15:34:00,0.11,1.00,1.00
08/11/2016 15:33:00,1.00,0.11,1.00
08/11/2016 15:33:00,0.11,1.00,1.00
08/11/2016 15:32:00,0.11,1.00,1.00
08/11/2016 15:32:00,1.00,0.06,1.00
08/11/2016 15:32:00,0.11,1.00,1.00
08/11/2016 15:32:00,0.11,1.00,1.00
08/11/2016 15:32:00,0.11,1.00,1.00
08/11/2016 15:32:00,1.74,1.00,1.00
08/11/2016 15:32:00,0.11,1.00,1.00
08/11/2016 15:31:00,1.00,0.11,1.00
08/11/2016 15:32:00,0.11,1.00,1.00
08/11/2016 15:31:00,1.00,0.11,1.00
08/11/2016 15:31:00,0.11,1.00,1.00
08/11/2016 15:31:00,0.11,1.00,1.00
08/11/2016 15:31:00,1.00,1.00,1.00
08/11/2016 15:31:00,2.32,1.00,1.00
08/11/2016 15:31:00,0.11,1.00,1.00
08/11/2016 15:31:00,1.00,1.00,0.06
08/11/2016 15:30:00,1.00,0.11,1.00
08/11/2016 15:30:00,0.11,1.00,1.00
08/11/2016 15:37:00,0.53,1.00,1.00
08/11/2016 15:37:00,0.34,1.00,1.00
08/11/2016 15:36:00,0.11,1.00,1.00
08/11/2016 15:36:00,0.06,1.00,1.00
08/11/2016 15:36:00,1.00,0.11,1.00
08/11/2016 15:36:00,0.93,1.00,1.00
08/11/2016 15:36:00,0.11,1.00,1.00
08/11/2016 15:36:00,0.06,1.00,1.00
08/11/2016 15:36:00,0.04,1.00,1.00
08/11/2016 15:35:00,0.06,1.00,1.00
08/11/2016 15:35:00,0.06,1.00,1.00
08/11/2016 15:35:00,1.00,1.00,0.06
08/11/2016 15:35:00,0.06,1.00,1.00
08/11/2016 15:34:00,0.53,1.00,1.00
08/11/2016 15:34:00,2.32,1.00,1.00
08/11/2016 15:34:00,1.01,1.00,1.00
08/11/2016 15:34:00,0.11,1.00,1.00
08/11/2016 15:30:00,2.64,1.00,1.00
08/11/2016 15:29:00,0.11,1.00,1.00
08/11/2016 15:29:00,21.27,1.00,1.00
08/11/2016 15:29:00,0.47,1.00,1.00
08/11/2016 15:29:00,0.06,1.00,1.00
08/11/2016 15:29:00,0.11,1.00,1.00
08/11/2016 15:29:00,0.11,1.00,1.00
08/11/2016 15:29:00,1.89,1.00,1.00
08/11/2016 15:29:00,1.00,1.00,0.53
08/11/2016 15:27:00,2.32,1.00,1.00
08/11/2016 15:27:00,1.00,0.06,1.00
08/11/2016 15:27:00,1.00,19.72,1.00
08/11/2016 15:27:00,2.32,1.00,1.00
08/11/2016 15:27:00,1.00,19.72,1.00
08/11/2016 15:27:00,0.11,1.00,1.00
08/11/2016 15:26:00,1.00,1.00,19.72
08/11/2016 15:26:00,0.11,1.00,1.00
08/11/2016 15:26:00,1.00,0.11,1.00
08/11/2016 15:25:00,0.93,1.00,1.00
08/11/2016 15:25:00,1.00,1.00,1.00
08/11/2016 15:25:00,0.11,1.00,1.00
08/11/2016 15:22:00,0.11,1.00,1.00
08/11/2016 15:25:00,0.11,1.00,1.00
08/11/2016 15:25:00,1.00,0.11,1.00
08/11/2016 15:25:00,0.11,1.00,1.00
08/11/2016 15:25:00,0.11,1.00,1.00
08/11/2016 15:25:00,1.00,0.11,1.00
08/11/2016 15:25:00,1.00,1.00,1.00
08/11/2016 15:25:00,1.00,0.11,1.00
08/11/2016 15:25:00,0.11,1.00,1.00
08/11/2016 15:25:00,1.00,1.00,1.00
08/11/2016 15:25:00,1.00,1.00,1.00
08/11/2016 15:24:00,57.63,1.00,1.00
08/11/2016 15:24:00,1.00,1.00,1.00
08/11/2016 15:24:00,0.93,1.00,1.00
08/11/2016 15:24:00,0.11,1.00,1.00
08/11/2016 15:23:00,0.11,1.00,1.00
08/11/2016 15:23:00,1.00,0.11,1.00
08/11/2016 15:23:00,0.11,1.00,1.00
08/11/2016 15:23:00,0.11,1.00,1.00
08/11/2016 15:23:00,19.72,1.00,1.00
08/11/2016 15:22:00,0.11,1.00,1.00
08/11/2016 15:22:00,19.72,1.00,1.00
08/11/2016 15:22:00,0.93,1.00,1.00
08/11/2016 15:22:00,1.00,54.52,1.00
08/11/2016 15:22:00,1.00,19.72,1.00
08/11/2016 15:22:00,0.11,1.00,1.00
08/11/2016 15:22:00,1.00,0.11,1.00
08/11/2016 15:22:00,1.00,1.00,1.00
08/11/2016 15:21:00,0.11,1.00,1.00
08/11/2016 15:21:00,0.11,1.00,1.00
08/11/2016 15:21:00,0.11,1.00,1.00
08/11/2016 15:21:00,1.00,1.00,1.00
08/11/2016 15:21:00,0.11,1.00,1.00
08/11/2016 15:21:00,0.11,1.00,1.00
08/11/2016 15:20:00,0.11,1.00,1.00
08/11/2016 15:20:00,1.00,1.00,1.00
08/11/2016 15:20:00,1.00,0.11,1.00
08/11/2016 15:20:00,0.11,1.00,1.00
08/11/2016 15:20:00,1.00,0.93,1.00
08/11/2016 15:20:00,1.00,0.93,1.00
08/11/2016 15:20:00,0.11,1.00,1.00
08/11/2016 15:20:00,1.89,1.00,1.00
08/11/2016 15:20:00,0.47,1.00,1.00
08/11/2016 15:20:00,0.11,1.00,1.00
08/11/2016 15:20:00,1.00,1.00,1.00
08/11/2016 15:20:00,0.93,1.00,1.00
08/11/2016 15:19:00,0.11,1.00,1.00
08/11/2016 15:19:00,0.04,1.00,1.00
08/11/2016 15:19:00,1.00,1.00,1.00
08/11/2016 15:19:00,0.11,1.00,1.00
08/11/2016 15:19:00,0.51,1.00,1.00
08/11/2016 15:19:00,1.00,1.00,1.00
08/11/2016 15:19:00,1.00,0.62,1.00
08/11/2016 15:18:00,0.11,1.00,1.00
08/11/2016 15:18:00,1.00,0.06,1.00
08/11/2016 15:18:00,0.11,1.00,1.00
08/11/2016 15:18:00,0.06,1.00,1.00
08/11/2016 15:18:00,0.06,1.00,1.00
08/11/2016 15:19:00,0.11,1.00,1.00
08/11/2016 15:18:00,0.47,1.00,1.00
08/11/2016 15:18:00,0.47,1.00,1.00
08/11/2016 15:18:00,1.00,1.00,1.00
08/11/2016 15:18:00,1.00,2.64,1.00
08/11/2016 15:18:00,0.06,1.00,1.00
08/11/2016 15:18:00,1.00,1.00,1.00
08/11/2016 15:17:00,1.00,1.00,21.27
08/11/2016 15:17:00,0.11,1.00,1.00
08/11/2016 15:17:00,1.00,0.11,1.00
08/11/2016 15:17:00,21.27,1.00,1.00
08/11/2016 15:17:00,1.00,1.00,1.00
08/11/2016 15:17:00,0.11,1.00,1.00
08/11/2016 15:17:00,1.89,1.00,1.00
08/11/2016 15:17:00,0.93,1.00,1.00
08/11/2016 15:16:00,1.00,0.47,1.00
08/11/2016 15:16:00,0.93,1.00,1.00
08/11/2016 15:16:00,1.82,1.00,1.00
08/11/2016 15:15:00,0.93,1.00,1.00
08/11/2016 15:15:00,0.93,1.00,1.00
08/11/2016 15:15:00,2.71,1.00,1.00
08/11/2016 15:15:00,1.00,1.00,1.00
08/11/2016 15:15:00,0.06,1.00,1.00
08/11/2016 15:15:00,0.06,1.00,1.00
08/11/2016 15:15:00,1.00,1.00,1.00
08/11/2016 15:15:00,1.00,1.00,1.00
08/11/2016 15:15:00,1.00,0.89,1.00
08/11/2016 15:14:00,1.00,0.06,1.00
08/11/2016 15:14:00,1.00,0.93,1.00
08/11/2016 15:14:00,1.00,1.00,1.00
08/11/2016 15:14:00,1.00,21.27,1.00
08/11/2016 15:14:00,0.11,1.00,1.00
08/11/2016 15:14:00,0.11,1.00,1.00
08/11/2016 15:13:00,0.34,1.00,1.00
08/11/2016 15:13:00,2.32,1.00,1.00
08/11/2016 15:13:00,0.06,1.00,1.00
08/11/2016 15:13:00,1.00,1.00,1.00
08/11/2016 15:13:00,1.00,1.00,1.00
08/11/2016 15:13:00,1.00,1.00,1.00
08/11/2016 15:13:00,0.11,1.00,1.00
08/11/2016 15:13:00,1.00,0.11,1.00
08/11/2016 15:12:00,0.11,1.00,1.00
08/11/2016 15:12:00,0.11,1.00,1.00
08/11/2016 15:12:00,1.00,1.00,1.00
08/11/2016 15:12:00,1.82,1.00,1.00
08/11/2016 15:12:00,1.00,1.00,1.00
08/11/2016 15:12:00,0.93,1.00,1.00
08/11/2016 15:12:00,1.00,21.27,1.00
08/11/2016 15:12:00,1.00,1.00,1.00
08/11/2016 15:12:00,0.11,1.00,1.00
08/11/2016 15:11:00,1.74,1.00,1.00
08/11/2016 15:10:00,1.96,1.00,1.00
08/11/2016 15:10:00,1.00,2.32,1.00
08/11/2016 15:10:00,1.00,1.00,1.00
08/11/2016 15:09:00,0.11,1.00,1.00
08/11/2016 15:09:00,1.82,1.00,1.00
08/11/2016 15:09:00,0.11,1.00,1.00
08/11/2016 15:09:00,0.47,1.00,1.00
08/11/2016 15:09:00,2.92,1.00,1.00
08/11/2016 15:08:00,0.06,1.00,1.00
08/11/2016 15:08:00,0.51,1.00,1.00
08/11/2016 15:08:00,1.00,0.06,1.00
08/11/2016 15:08:00,0.06,1.00,1.00
08/11/2016 15:08:00,0.06,1.00,1.00
08/11/2016 15:08:00,1.00,0.04,1.00
08/11/2016 15:07:00,0.06,1.00,1.00
08/11/2016 15:07:00,1.00,0.93,1.00
08/11/2016 15:07:00,0.11,1.00,1.00
08/11/2016 15:07:00,0.51,1.00,1.00
08/11/2016 15:07:00,0.51,1.00,1.00
08/11/2016 15:07:00,0.49,1.00,1.00
08/11/2016 15:07:00,0.06,1.00,1.00
08/11/2016 15:07:00,0.47,1.00,1.00
08/11/2016 15:07:00,1.00,0.47,1.00
08/11/2016 15:07:00,0.06,1.00,1.00
08/11/2016 15:07:00,0.47,1.00,1.00
08/11/2016 15:06:00,0.06,1.00,1.00
08/11/2016 15:06:00,0.06,1.00,1.00
08/11/2016 15:06:00,0.06,1.00,1.00
08/11/2016 15:05:00,0.04,1.00,1.00
08/11/2016 15:05:00,0.06,1.00,1.00
08/11/2016 15:05:00,0.06,1.00,1.00
08/11/2016 15:05:00,1.00,0.06,1.00
08/11/2016 15:05:00,0.11,1.00,1.00
08/11/2016 15:04:00,0.06,1.00,1.00
08/11/2016 15:04:00,0.06,1.00,1.00
08/11/2016 15:04:00,0.06,1.00,1.00
08/11/2016 15:04:00,0.06,1.00,1.00
08/11/2016 15:04:00,0.06,1.00,1.00
08/11/2016 15:04:00,0.06,1.00,1.00
08/11/2016 15:04:00,0.06,1.00,1.00
08/11/2016 15:04:00,1.00,1.00,1.00
08/11/2016 15:03:00,0.06,1.00,1.00
08/11/2016 15:03:00,1.00,0.04,1.00
08/11/2016 15:03:00,0.06,1.00,1.00
08/11/2016 15:03:00,0.06,1.00,1.00
08/11/2016 15:02:00,0.06,1.00,1.00
08/11/2016 15:02:00,1.00,1.00,0.06
08/11/2016 15:02:00,1.00,0.06,1.00
08/11/2016 15:02:00,1.00,0.06,1.00
08/11/2016 15:02:00,0.06,1.00,1.00
08/11/2016 15:01:00,0.06,1.00,1.00
08/11/2016 15:01:00,1.00,1.74,1.00
08/11/2016 15:01:00,0.06,1.00,1.00
08/11/2016 15:01:00,0.04,1.00,1.00
08/11/2016 15:01:00,0.06,1.00,1.00
08/11/2016 15:01:00,0.11,1.00,1.00
08/11/2016 15:00:00,0.11,1.00,1.00
08/11/2016 15:00:00,0.93,1.00,1.00
08/11/2016 15:00:00,1.00,0.11,1.00
08/11/2016 15:00:00,19.72,1.00,1.00
08/11/2016 15:00:00,19.72,1.00,1.00
08/11/2016 15:00:00,19.72,1.00,1.00
08/11/2016 15:00:00,1.00,19.72,1.00
08/11/2016 15:00:00,0.11,1.00,1.00
08/11/2016 15:00:00,1.00,1.00,1.00
08/11/2016 15:00:00,1.89,1.00,1.00
08/11/2016 15:00:00,0.11,1.00,1.00
08/11/2016 15:00:00,0.11,1.00,1.00
08/11/2016 15:00:00,0.11,1.00,1.00
08/11/2016 14:59:00,0.11,1.00,1.00
08/11/2016 14:59:00,1.00,0.11,1.00
08/11/2016 14:59:00,1.00,0.93,1.00
08/11/2016 14:59:00,1.00,19.72,1.00
08/11/2016 14:58:00,0.47,1.00,1.00
08/11/2016 14:58:00,0.51,1.00,1.00
08/11/2016 14:58:00,1.00,0.11,1.00
08/11/2016 14:58:00,1.00,0.11,1.00
08/11/2016 14:58:00,0.11,1.00,1.00
08/11/2016 14:58:00,0.11,1.00,1.00
08/11/2016 14:58:00,1.00,0.11,1.00
08/11/2016 14:58:00,19.72,1.00,1.00
08/11/2016 14:58:00,0.06,1.00,1.00
08/11/2016 14:57:00,0.93,1.00,1.00
08/11/2016 14:57:00,1.00,1.00,1.00
08/11/2016 14:57:00,0.11,1.00,1.00
08/11/2016 14:57:00,1.00,0.11,1.00
08/11/2016 14:57:00,0.06,1.00,1.00
08/11/2016 14:57:00,0.11,1.00,1.00
08/11/2016 14:57:00,0.11,1.00,1.00
08/11/2016 14:56:00,1.00,1.00,1.00
08/11/2016 14:56:00,19.72,1.00,1.00
08/11/2016 14:56:00,1.82,1.00,1.00
08/11/2016 14:56:00,1.08,1.00,1.00
08/11/2016 14:56:00,0.47,1.00,1.00
08/11/2016 14:56:00,0.11,1.00,1.00
08/11/2016 14:57:00,0.11,1.00,1.00
08/11/2016 14:55:00,0.11,1.00,1.00
08/11/2016 14:55:00,1.00,1.00,0.11
08/11/2016 14:55:00,0.11,1.00,1.00
08/11/2016 14:55:00,0.11,1.00,1.00
08/11/2016 14:57:00,0.11,1.00,1.00
08/11/2016 14:54:00,1.00,0.06,1.00
08/11/2016 14:54:00,1.00,1.00,1.00
08/11/2016 14:54:00,0.11,1.00,1.00
08/11/2016 14:54:00,1.82,1.00,1.00
08/11/2016 14:54:00,1.74,1.00,1.00
08/11/2016 14:54:00,0.93,1.00,1.00
08/11/2016 14:53:00,0.47,1.00,1.00
08/11/2016 14:53:00,0.47,1.00,1.00
08/11/2016 14:53:00,0.93,1.00,1.00
08/11/2016 14:53:00,0.93,1.00,1.00
08/11/2016 14:53:00,0.93,1.00,1.00
08/11/2016 14:53:00,0.93,1.00,1.00
08/11/2016 14:52:00,1.82,1.00,1.00
08/11/2016 14:52:00,1.00,0.63,1.00
08/11/2016 14:52:00,1.74,1.00,1.00
08/11/2016 14:52:00,0.93,1.00,1.00
08/11/2016 14:52:00,1.00,54.52,1.00
08/11/2016 14:52:00,0.47,1.00,1.00
08/11/2016 14:51:00,0.93,1.00,1.00
08/11/2016 14:51:00,0.93,1.00,1.00
08/11/2016 14:51:00,1.00,1.00,1.82
08/11/2016 14:51:00,0.93,1.00,1.00
08/11/2016 14:50:00,0.93,1.00,1.00
08/11/2016 14:50:00,0.06,1.00,1.00
08/11/2016 14:50:00,0.11,1.00,1.00
08/11/2016 14:49:00,0.11,1.00,1.00
08/11/2016 14:49:00,1.00,1.00,1.00
08/11/2016 14:49:00,0.11,1.00,1.00
08/11/2016 14:49:00,1.00,0.11,1.00
08/11/2016 14:48:00,1.89,1.00,1.00
08/11/2016 14:48:00,1.00,19.72,1.00
08/11/2016 14:48:00,1.00,1.00,1.00
08/11/2016 14:48:00,1.00,1.00,1.00
08/11/2016 14:48:00,1.00,57.63,1.00
08/11/2016 14:47:00,0.11,1.00,1.00
08/11/2016 14:47:00,1.00,0.11,1.00
08/11/2016 14:47:00,1.00,0.11,1.00
08/11/2016 14:47:00,21.27,1.00,1.00
08/11/2016 14:47:00,1.00,1.00,0.97
08/11/2016 14:46:00,0.11,1.00,1.00
08/11/2016 14:46:00,1.82,1.00,1.00
08/11/2016 14:46:00,0.97,1.00,1.00
08/11/2016 14:46:00,1.00,1.00,1.00
08/11/2016 14:46:00,0.51,1.00,1.00
08/11/2016 14:45:00,0.51,1.00,1.00
08/11/2016 14:45:00,0.97,1.00,1.00
08/11/2016 14:45:00,1.00,1.00,1.00
08/11/2016 14:45:00,1.00,1.00,1.00
08/11/2016 14:45:00,1.00,1.00,1.00
08/11/2016 14:45:00,1.00,1.00,1.00
08/11/2016 14:45:00,1.00,1.00,1.00
08/11/2016 14:45:00,1.89,1.00,1.00
08/11/2016 14:45:00,0.97,1.00,1.00
08/11/2016 14:45:00,0.53,1.00,1.00
08/11/2016 14:45:00,1.89,1.00,1.00
08/11/2016 14:45:00,1.82,1.00,1.00
08/11/2016 14:44:00,0.65,1.00,1.00
08/11/2016 14:44:00,1.00,1.00,1.00
08/11/2016 14:44:00,1.00,1.00,1.00
08/11/2016 14:44:00,1.00,1.00,1.00
08/11/2016 14:44:00,0.51,1.00,1.00
08/11/2016 14:44:00,1.00,1.00,1.00
08/11/2016 14:44:00,1.00,1.00,1.00
08/11/2016 14:43:00,0.11,1.00,1.00
08/11/2016 14:43:00,0.51,1.00,1.00
08/11/2016 14:43:00,0.11,1.00,1.00
08/11/2016 14:43:00,0.11,1.00,1.00
08/11/2016 14:42:00,0.06,1.00,1.00
08/11/2016 14:42:00,0.06,1.00,1.00
08/11/2016 14:42:00,1.00,37.12,1.00
08/11/2016 14:42:00,1.00,0.93,1.00
08/11/2016 14:40:00,0.11,1.00,1.00
08/11/2016 14:40:00,0.11,1.00,1.00
08/11/2016 14:40:00,1.00,0.11,1.00
08/11/2016 14:40:00,0.11,1.00,1.00
08/11/2016 14:39:00,0.93,1.00,1.00
08/11/2016 14:39:00,1.00,1.00,1.00
08/11/2016 14:41:00,21.27,1.00,1.00
08/11/2016 14:40:00,1.00,1.00,0.11
08/11/2016 14:38:00,0.11,1.00,1.00
08/11/2016 14:38:00,0.93,1.00,1.00
08/11/2016 14:38:00,1.00,0.11,1.00
08/11/2016 14:38:00,37.12,1.00,1.00
08/11/2016 14:38:00,0.47,1.00,1.00
08/11/2016 14:38:00,1.00,0.11,1.00
08/11/2016 14:38:00,1.82,1.00,1.00
08/11/2016 14:38:00,0.93,1.00,1.00
08/11/2016 14:37:00,0.53,1.00,1.00
08/11/2016 14:37:00,1.89,1.00,1.00
08/11/2016 14:36:00,2.32,1.00,1.00
08/11/2016 14:36:00,0.11,1.00,1.00
08/11/2016 14:36:00,2.32,1.00,1.00
08/11/2016 14:36:00,1.00,1.00,1.00
08/11/2016 14:35:00,0.06,1.00,1.00
08/11/2016 14:35:00,2.32,1.00,1.00
08/11/2016 14:35:00,0.06,1.00,1.00
08/11/2016 14:35:00,56.07,1.00,1.00
08/11/2016 14:35:00,1.00,19.72,1.00
08/11/2016 14:34:00,0.11,1.00,1.00
08/11/2016 14:34:00,1.00,1.00,1.00
08/11/2016 14:34:00,1.00,1.74,1.00
08/11/2016 14:34:00,1.00,1.00,1.00
08/11/2016 14:34:00,1.00,1.00,1.00
08/11/2016 14:34:00,1.00,1.00,1.00
08/11/2016 14:33:00,1.00,0.11,1.00
08/11/2016 14:33:00,1.82,1.00,1.00
08/11/2016 14:33:00,2.32,1.00,1.00
08/11/2016 14:32:00,0.11,1.00,1.00
08/11/2016 14:32:00,1.74,1.00,1.00
08/11/2016 14:32:00,0.06,1.00,1.00
08/11/2016 14:32:00,1.00,0.06,1.00
08/11/2016 14:32:00,0.11,1.00,1.00
08/11/2016 14:32:00,0.11,1.00,1.00
08/11/2016 14:32:00,1.00,1.00,1.00
08/11/2016 14:32:00,2.32,1.00,1.00
08/11/2016 14:32:00,0.11,1.00,1.00
08/11/2016 14:32:00,1.00,1.00,1.00
08/11/2016 14:32:00,0.06,1.00,1.00
08/11/2016 14:32:00,0.93,1.00,1.00
08/11/2016 14:31:00,0.11,1.00,1.00
08/11/2016 14:31:00,0.11,1.00,1.00
08/11/2016 14:31:00,54.52,1.00,1.00
08/11/2016 14:31:00,0.93,1.00,1.00
08/11/2016 14:31:00,0.93,1.00,1.00
08/11/2016 14:31:00,1.00,0.06,1.00
08/11/2016 14:31:00,0.51,1.00,1.00
08/11/2016 14:31:00,1.00,1.00,1.00
08/11/2016 14:30:00,19.72,1.00,1.00
08/11/2016 14:30:00,0.47,1.00,1.00
08/11/2016 14:30:00,0.06,1.00,1.00
08/11/2016 14:29:00,1.00,1.00,1.00
08/11/2016 14:29:00,0.53,1.00,1.00
08/11/2016 14:29:00,0.93,1.00,1.00
08/11/2016 14:29:00,1.00,1.00,1.00
08/11/2016 14:29:00,21.27,1.00,1.00
08/11/2016 14:29:00,1.00,1.00,1.00
08/11/2016 14:29:00,1.00,1.00,1.00
08/11/2016 14:28:00,1.00,1.00,1.00
08/11/2016 14:28:00,1.00,38.67,1.00
08/11/2016 14:28:00,0.51,1.00,1.00
08/11/2016 14:28:00,21.27,1.00,1.00
08/11/2016 14:28:00,1.82,1.00,1.00
08/11/2016 14:28:00,21.27,1.00,1.00
08/11/2016 14:28:00,1.00,1.00,0.11
08/11/2016 14:28:00,1.00,1.00,0.11
08/11/2016 14:28:00,0.11,1.00,1.00
08/11/2016 14:28:00,0.11,1.00,1.00
08/11/2016 14:27:00,0.04,1.00,1.00
08/11/2016 14:27:00,1.00,1.00,1.00
08/11/2016 14:27:00,0.93,1.00,1.00
08/11/2016 14:26:00,1.00,1.00,1.00
08/11/2016 14:26:00,1.96,1.00,1.00
08/11/2016 14:26:00,1.00,37.12,1.00
08/11/2016 14:26:00,0.49,1.00,1.00
08/11/2016 14:26:00,1.00,1.00,1.00
08/11/2016 14:26:00,0.11,1.00,1.00
08/11/2016 14:25:00,1.00,0.93,1.00
08/11/2016 14:25:00,0.11,1.00,1.00
08/11/2016 14:24:00,1.00,0.93,1.00
08/11/2016 14:26:00,0.93,1.00,1.00
08/11/2016 14:25:00,2.32,1.00,1.00
08/11/2016 14:25:00,0.11,1.00,1.00
08/11/2016 14:24:00,1.00,1.01,1.00
08/11/2016 14:24:00,1.00,0.11,1.00
08/11/2016 14:24:00,1.00,0.49,1.00
08/11/2016 14:24:00,0.11,1.00,1.00
08/11/2016 14:24:00,0.11,1.00,1.00
08/11/2016 14:23:00,0.11,1.00,1.00
08/11/2016 14:23:00,0.11,1.00,1.00
08/11/2016 14:23:00,0.11,1.00,1.00
08/11/2016 14:23:00,1.00,0.93,1.00
08/11/2016 14:23:00,1.00,0.11,1.00
08/11/2016 14:23:00,1.00,0.93,1.00
08/11/2016 14:22:00,2.32,1.00,1.00
08/11/2016 14:22:00,0.51,1.00,1.00
08/11/2016 14:22:00,0.11,1.00,1.00
08/11/2016 14:22:00,0.11,1.00,1.00
08/11/2016 14:22:00,0.11,1.00,1.00
08/11/2016 14:22:00,0.11,1.00,1.00
08/11/2016 14:22:00,0.93,1.00,1.00
08/11/2016 14:22:00,1.00,1.00,1.00
08/11/2016 14:22:00,0.11,1.00,1.00
08/11/2016 14:21:00,0.11,1.00,1.00
08/11/2016 14:21:00,0.11,1.00,1.00
08/11/2016 14:21:00,1.00,0.11,1.00
08/11/2016 14:21:00,0.11,1.00,1.00
08/11/2016 14:21:00,0.11,1.00,1.00
08/11/2016 14:21:00,1.00,1.00,1.00
08/11/2016 14:21:00,1.00,0.11,1.00
08/11/2016 14:15:00,1.00,0.93,1.00
08/11/2016 14:19:00,0.11,1.00,1.00
08/11/2016 14:19:00,0.11,1.00,1.00
08/11/2016 14:18:00,0.11,1.00,1.00
08/11/2016 14:18:00,1.00,0.11,1.00
08/11/2016 14:18:00,0.93,1.00,1.00
08/11/2016 14:18:00,0.11,1.00,1.00
08/11/2016 14:18:00,0.11,1.00,1.00
08/11/2016 14:19:00,0.11,1.00,1.00
08/11/2016 14:19:00,1.00,0.11,1.00
08/11/2016 14:17:00,0.11,1.00,1.00
08/11/2016 14:17:00,1.00,0.11,1.00
08/11/2016 14:16:00,1.00,1.00,1.00
08/11/2016 14:16:00,1.00,0.11,1.00
08/11/2016 14:16:00,1.00,0.11,1.00
08/11/2016 14:16:00,0.11,1.00,1.00
08/11/2016 14:16:00,0.93,1.00,1.00
08/11/2016 14:16:00,0.11,1.00,1.00
08/11/2016 14:16:00,1.00,1.00,1.00
08/11/2016 14:16:00,0.11,1.00,1.00
08/11/2016 14:16:00,1.00,0.11,1.00
08/11/2016 14:15:00,0.11,1.00,1.00
08/11/2016 14:15:00,1.00,37.12,1.00
08/11/2016 14:15:00,0.51,1.00,1.00
08/11/2016 14:15:00,0.11,1.00,1.00
08/11/2016 14:14:00,0.93,1.00,1.00
08/11/2016 14:14:00,0.11,1.00,1.00
08/11/2016 14:20:00,0.11,1.00,1.00
08/11/2016 14:20:00,0.11,1.00,1.00
08/11/2016 14:20:00,0.11,1.00,1.00
08/11/2016 14:20:00,1.00,19.72,1.00
08/11/2016 14:20:00,1.00,1.00,19.72
08/11/2016 14:20:00,0.11,1.00,1.00
08/11/2016 14:14:00,1.00,0.11,1.00
08/11/2016 14:14:00,0.11,1.00,1.00
08/11/2016 14:14:00,0.11,1.00,1.00
08/11/2016 14:14:00,1.00,0.11,1.00
08/11/2016 14:14:00,0.11,1.00,1.00
08/11/2016 14:14:00,0.11,1.00,1.00
08/11/2016 14:13:00,2.32,1.00,1.00
08/11/2016 14:13:00,0.11,1.00,1.00
08/11/2016 14:13:00,1.74,1.00,1.00
08/11/2016 14:13:00,0.11,1.00,1.00
08/11/2016 14:13:00,0.93,1.00,1.00
08/11/2016 14:12:00,2.32,1.00,1.00
08/11/2016 14:12:00,1.00,1.00,1.00
08/11/2016 14:12:00,0.06,1.00,1.00
08/11/2016 14:08:00,0.93,1.00,1.00
08/11/2016 14:08:00,0.11,1.00,1.00
08/11/2016 14:08:00,1.00,19.72,1.00
08/11/2016 14:08:00,0.11,1.00,1.00
08/11/2016 14:07:00,0.06,1.00,1.00
08/11/2016 14:07:00,2.71,1.00,1.00
08/11/2016 14:07:00,0.93,1.00,1.00
08/11/2016 14:12:00,1.00,0.11,1.00
08/11/2016 14:12:00,38.67,1.00,1.00
08/11/2016 14:07:00,1.00,0.49,1.00
08/11/2016 14:12:00,1.00,19.72,1.00
08/11/2016 14:11:00,0.93,1.00,1.00
08/11/2016 14:06:00,1.00,19.72,1.00
08/11/2016 14:11:00,0.11,1.00,1.00
08/11/2016 14:11:00,1.00,2.32,1.00
08/11/2016 14:06:00,1.00,1.00,0.11
08/11/2016 14:11:00,0.93,1.00,1.00
08/11/2016 14:11:00,0.06,1.00,1.00
08/11/2016 14:11:00,0.06,1.00,1.00
08/11/2016 14:11:00,0.06,1.00,1.00
08/11/2016 14:11:00,0.11,1.00,1.00
08/11/2016 14:10:00,1.00,0.11,1.00
08/11/2016 14:10:00,0.47,1.00,1.00
08/11/2016 14:10:00,1.00,0.93,1.00
08/11/2016 14:06:00,1.00,1.00,19.72
08/11/2016 14:10:00,0.11,1.00,1.00
08/11/2016 14:10:00,0.11,1.00,1.00
08/11/2016 14:10:00,1.00,0.11,1.00
08/11/2016 14:09:00,1.00,0.11,1.00
08/11/2016 14:09:00,0.11,1.00,1.00
08/11/2016 14:06:00,0.06,1.00,1.00
08/11/2016 14:06:00,4.42,1.00,1.00
08/11/2016 14:06:00,1.82,1.00,1.00
08/11/2016 14:05:00,0.97,1.00,1.00
08/11/2016 14:05:00,37.12,1.00,1.00
08/11/2016 14:05:00,2.32,1.00,1.00
08/11/2016 14:04:00,0.11,1.00,1.00
08/11/2016 14:04:00,1.00,1.00,1.00
08/11/2016 14:04:00,1.00,1.00,1.00
08/11/2016 14:03:00,0.11,1.00,1.00
08/11/2016 14:03:00,0.06,1.00,1.00
08/11/2016 14:03:00,0.06,1.00,1.00
08/11/2016 14:02:00,21.27,1.00,1.00
08/11/2016 14:02:00,0.93,1.00,1.00
08/11/2016 14:02:00,1.00,2.77,1.00
08/11/2016 14:02:00,0.06,1.00,1.00
08/11/2016 14:02:00,1.00,1.00,1.00
08/11/2016 14:02:00,0.11,1.00,1.00
08/11/2016 14:01:00,1.00,0.11,1.00
08/11/2016 14:01:00,0.11,1.00,1.00
08/11/2016 14:01:00,0.11,1.00,1.00
08/11/2016 14:01:00,0.06,1.00,1.00
08/11/2016 14:01:00,0.47,1.00,1.00
08/11/2016 14:01:00,1.00,40.23,1.00
08/11/2016 14:00:00,1.00,1.00,1.00
08/11/2016 14:00:00,1.00,1.00,1.00
08/11/2016 14:00:00,1.00,0.47,1.00
08/11/2016 13:53:00,40.23,1.00,1.00
08/11/2016 13:53:00,1.00,1.00,0.06
08/11/2016 14:00:00,1.00,1.00,1.00
08/11/2016 14:00:00,0.11,1.00,1.00
08/11/2016 13:59:00,1.00,0.04,1.00
08/11/2016 13:59:00,1.00,1.00,0.51
08/11/2016 13:59:00,1.82,1.00,1.00
08/11/2016 13:59:00,21.27,1.00,1.00
08/11/2016 13:53:00,0.93,1.00,1.00
08/11/2016 13:59:00,1.00,1.00,1.00
08/11/2016 13:59:00,1.00,1.00,1.00
08/11/2016 13:59:00,21.27,1.00,1.00
08/11/2016 13:59:00,0.11,1.00,1.00
08/11/2016 13:59:00,1.74,1.00,1.00
08/11/2016 13:58:00,1.00,21.27,1.00
08/11/2016 13:58:00,0.93,1.00,1.00
08/11/2016 13:58:00,1.89,1.00,1.00
08/11/2016 13:53:00,0.51,1.00,1.00
08/11/2016 13:58:00,0.93,1.00,1.00
08/11/2016 13:58:00,1.00,1.00,1.00
08/11/2016 13:58:00,1.35,1.00,1.00
08/11/2016 13:58:00,0.06,1.00,1.00
08/11/2016 13:58:00,0.11,1.00,1.00
08/11/2016 13:58:00,0.11,1.00,1.00
08/11/2016 13:58:00,0.11,1.00,1.00
08/11/2016 13:58:00,0.11,1.00,1.00
08/11/2016 13:58:00,0.06,1.00,1.00
08/11/2016 13:57:00,1.00,0.11,1.00
08/11/2016 13:57:00,0.06,1.00,1.00
08/11/2016 13:57:00,1.00,1.00,1.00
08/11/2016 13:57:00,1.89,1.00,1.00
08/11/2016 13:57:00,1.00,0.11,1.00
08/11/2016 13:56:00,57.63,1.00,1.00
08/11/2016 13:56:00,0.93,1.00,1.00
08/11/2016 13:56:00,0.11,1.00,1.00
08/11/2016 13:56:00,1.82,1.00,1.00
08/11/2016 13:56:00,0.11,1.00,1.00
08/11/2016 13:56:00,1.00,37.12,1.00
08/11/2016 13:55:00,0.11,1.00,1.00
08/11/2016 13:55:00,1.00,0.11,1.00
08/11/2016 13:55:00,0.11,1.00,1.00
08/11/2016 13:54:00,0.11,1.00,1.00
08/11/2016 13:54:00,19.72,1.00,1.00
08/11/2016 14:09:00,0.06,1.00,1.00
08/11/2016 14:09:00,0.11,1.00,1.00
08/11/2016 14:09:00,0.11,1.00,1.00
08/11/2016 14:09:00,1.00,1.00,1.00
08/11/2016 14:09:00,1.00,1.00,1.00
08/11/2016 14:08:00,2.71,1.00,1.00
08/11/2016 13:53:00,0.93,1.00,1.00
08/11/2016 13:53:00,0.11,1.00,1.00
08/11/2016 13:52:00,1.00,1.00,1.00
08/11/2016 13:52:00,1.82,1.00,1.00
08/11/2016 13:52:00,57.63,1.00,1.00
08/11/2016 13:52:00,0.51,1.00,1.00
08/11/2016 13:52:00,1.00,1.00,1.00
08/11/2016 13:52:00,0.51,1.00,1.00
08/11/2016 13:51:00,1.00,1.00,56.07
08/11/2016 13:51:00,1.00,1.00,1.00
08/11/2016 13:51:00,1.00,0.93,1.00
08/11/2016 13:51:00,1.82,1.00,1.00
08/11/2016 13:51:00,1.00,1.00,1.00
08/11/2016 13:51:00,1.00,1.00,1.00
08/11/2016 13:51:00,1.00,1.00,1.00
08/11/2016 13:51:00,1.00,1.00,1.00
08/11/2016 13:51:00,1.00,1.00,1.00
08/11/2016 13:50:00,1.89,1.00,1.00
08/11/2016 13:50:00,1.00,2.84,1.00
08/11/2016 13:50:00,1.00,1.00,1.00
08/11/2016 13:50:00,1.00,1.00,1.00
08/11/2016 13:50:00,1.00,1.82,1.00
08/11/2016 13:50:00,21.27,1.00,1.00
08/11/2016 13:50:00,1.39,1.00,1.00
08/11/2016 13:50:00,1.00,1.00,1.00
08/11/2016 13:49:00,1.00,1.89,1.00
08/11/2016 13:49:00,1.82,1.00,1.00
08/11/2016 13:49:00,1.00,1.00,1.00
08/11/2016 13:49:00,1.00,1.00,1.00
08/11/2016 13:49:00,1.00,1.89,1.00
08/11/2016 13:49:00,1.89,1.00,1.00
08/11/2016 13:49:00,1.89,1.00,1.00
08/11/2016 13:48:00,1.82,1.00,1.00
08/11/2016 13:47:00,1.82,1.00,1.00
08/11/2016 13:47:00,1.00,1.00,1.00
08/11/2016 13:47:00,0.11,1.00,1.00
08/11/2016 13:47:00,0.53,1.00,1.00
08/11/2016 13:47:00,1.00,1.00,1.00
08/11/2016 13:47:00,21.27,1.00,1.00
08/11/2016 13:47:00,1.00,1.00,1.00
08/11/2016 13:47:00,0.11,1.00,1.00
08/11/2016 13:46:00,0.04,1.00,1.00
08/11/2016 13:46:00,1.00,0.51,1.00
08/11/2016 13:46:00,0.06,1.00,1.00
08/11/2016 13:46:00,1.00,0.06,1.00
08/11/2016 13:46:00,0.93,1.00,1.00
08/11/2016 13:45:00,38.67,1.00,1.00
08/11/2016 13:45:00,1.00,1.00,0.93
08/11/2016 13:45:00,0.06,1.00,1.00
08/11/2016 13:45:00,1.00,0.51,1.00
08/11/2016 13:45:00,2.32,1.00,1.00
08/11/2016 13:45:00,0.11,1.00,1.00
08/11/2016 13:45:00,0.11,1.00,1.00
08/11/2016 13:45:00,0.11,1.00,1.00
08/11/2016 13:45:00,0.11,1.00,1.00
08/11/2016 13:42:00,1.00,0.11,1.00
08/11/2016 13:45:00,0.11,1.00,1.00
08/11/2016 13:45:00,1.00,0.11,1.00
08/11/2016 13:44:00,0.11,1.00,1.00
08/11/2016 13:44:00,0.11,1.00,1.00
08/11/2016 13:44:00,0.11,1.00,1.00
08/11/2016 13:43:00,1.00,0.11,1.00
08/11/2016 13:43:00,0.11,1.00,1.00
08/11/2016 13:43:00,1.00,0.11,1.00
08/11/2016 13:43:00,1.00,2.32,1.00
08/11/2016 13:43:00,1.00,0.93,1.00
08/11/2016 13:43:00,1.00,1.00,1.00
08/11/2016 13:42:00,1.00,0.11,1.00
08/11/2016 13:42:00,0.06,1.00,1.00
08/11/2016 13:42:00,0.04,1.00,1.00
08/11/2016 13:42:00,0.51,1.00,1.00
08/11/2016 13:42:00,0.11,1.00,1.00
08/11/2016 13:42:00,1.00,0.47,1.00
08/11/2016 13:41:00,38.67,1.00,1.00
08/11/2016 13:41:00,1.89,1.00,1.00
08/11/2016 13:41:00,0.35,1.00,1.00
08/11/2016 13:41:00,1.00,0.35,1.00
08/11/2016 13:41:00,0.47,1.00,1.00
08/11/2016 13:41:00,0.06,1.00,1.00
08/11/2016 13:41:00,2.32,1.00,1.00
08/11/2016 13:41:00,0.11,1.00,1.00
08/11/2016 13:41:00,0.11,1.00,1.00
08/11/2016 13:41:00,0.11,1.00,1.00
08/11/2016 13:40:00,1.00,1.00,0.93
08/11/2016 13:40:00,0.06,1.00,1.00
08/11/2016 13:40:00,1.00,1.00,1.00
08/11/2016 13:40:00,0.93,1.00,1.00
08/11/2016 13:40:00,1.00,1.00,19.72
08/11/2016 13:39:00,1.00,1.00,0.93
08/11/2016 13:39:00,0.04,1.00,1.00
08/11/2016 13:39:00,0.06,1.00,1.00
08/11/2016 13:39:00,0.47,1.00,1.00
08/11/2016 13:39:00,1.00,0.93,1.00
08/11/2016 13:38:00,0.06,1.00,1.00
08/11/2016 13:38:00,1.00,1.00,1.00
08/11/2016 13:38:00,0.93,1.00,1.00
08/11/2016 13:38:00,1.00,1.00,1.00
08/11/2016 13:38:00,0.55,1.00,1.00
08/11/2016 13:38:00,1.00,1.00,1.00
08/11/2016 13:37:00,1.00,1.00,1.00
08/11/2016 13:37:00,57.63,1.00,1.00
08/11/2016 13:37:00,2.32,1.00,1.00
08/11/2016 13:37:00,0.04,1.00,1.00
08/11/2016 13:37:00,1.82,1.00,1.00
08/11/2016 13:37:00,0.06,1.00,1.00
08/11/2016 13:37:00,1.00,1.00,0.51
08/11/2016 13:37:00,1.00,1.00,1.00
08/11/2016 13:36:00,0.97,1.00,1.00
08/11/2016 13:36:00,1.00,0.51,1.00
08/11/2016 13:36:00,0.51,1.00,1.00
08/11/2016 13:36:00,1.00,1.00,1.00
08/11/2016 13:36:00,1.00,0.51,1.00
08/11/2016 13:36:00,1.00,1.00,1.00
08/11/2016 13:35:00,1.00,1.00,1.00
08/11/2016 13:35:00,1.00,1.00,1.00
08/11/2016 13:35:00,1.82,1.00,1.00
08/11/2016 13:35:00,0.06,1.00,1.00
08/11/2016 13:35:00,0.06,1.00,1.00
08/11/2016 13:35:00,0.06,1.00,1.00
08/11/2016 13:35:00,1.00,0.11,1.00
08/11/2016 13:35:00,1.00,0.06,1.00
08/11/2016 13:35:00,0.11,1.00,1.00
08/11/2016 13:35:00,0.93,1.00,1.00
08/11/2016 13:35:00,0.11,1.00,1.00
08/11/2016 13:34:00,56.07,1.00,1.00
08/11/2016 13:34:00,1.00,1.82,1.00
08/11/2016 13:34:00,1.82,1.00,1.00
08/11/2016 13:34:00,0.11,1.00,1.00
08/11/2016 13:34:00,0.11,1.00,1.00
08/11/2016 13:34:00,0.06,1.00,1.00
08/11/2016 13:34:00,1.00,0.93,1.00
08/11/2016 13:34:00,0.11,1.00,1.00
08/11/2016 13:34:00,0.11,1.00,1.00
08/11/2016 13:34:00,1.00,1.00,0.06
08/11/2016 13:33:00,0.11,1.00,1.00
08/11/2016 13:33:00,1.00,1.00,1.00
08/11/2016 13:33:00,1.00,0.06,1.00
08/11/2016 13:33:00,1.00,1.00,1.00
08/11/2016 13:32:00,0.11,1.00,1.00
08/11/2016 13:32:00,2.32,1.00,1.00
08/11/2016 13:32:00,1.00,1.00,1.00
08/11/2016 13:32:00,0.11,1.00,1.00
08/11/2016 13:32:00,0.11,1.00,1.00
08/11/2016 13:32:00,0.11,1.00,1.00
08/11/2016 13:31:00,1.00,38.67,1.00
08/11/2016 13:31:00,0.06,1.00,1.00
08/11/2016 13:31:00,1.00,1.00,1.00
08/11/2016 13:31:00,0.11,1.00,1.00
08/11/2016 13:31:00,1.00,0.11,1.00
08/11/2016 13:31:00,1.00,1.00,1.00
08/11/2016 13:31:00,1.00,1.00,0.51
08/11/2016 13:31:00,1.00,0.04,1.00
08/11/2016 13:31:00,0.93,1.00,1.00
08/11/2016 13:30:00,0.11,1.00,1.00
08/11/2016 13:30:00,1.00,21.27,1.00
08/11/2016 13:30:00,1.00,2.78,1.00
08/11/2016 13:30:00,1.00,1.00,57.63
08/11/2016 13:29:00,0.06,1.00,1.00
08/11/2016 13:29:00,0.11,1.00,1.00
08/11/2016 13:29:00,0.06,1.00,1.00
08/11/2016 13:28:00,1.08,1.00,1.00
08/11/2016 13:28:00,1.00,1.82,1.00
08/11/2016 13:28:00,0.11,1.00,1.00
08/11/2016 13:28:00,1.89,1.00,1.00
08/11/2016 13:28:00,0.11,1.00,1.00
08/11/2016 13:28:00,1.00,19.72,1.00
08/11/2016 13:28:00,1.00,19.72,1.00
08/11/2016 13:28:00,0.06,1.00,1.00
08/11/2016 13:27:00,0.11,1.00,1.00
08/11/2016 13:27:00,0.06,1.00,1.00
08/11/2016 13:27:00,1.00,1.00,1.00
08/11/2016 13:26:00,1.00,0.11,1.00
08/11/2016 13:26:00,1.00,0.06,1.00
08/11/2016 13:26:00,0.06,1.00,1.00
08/11/2016 13:26:00,0.06,1.00,1.00
08/11/2016 13:26:00,0.04,1.00,1.00
08/11/2016 13:26:00,1.00,2.32,1.00
08/11/2016 13:26:00,1.00,1.00,1.00
08/11/2016 13:25:00,1.00,19.72,1.00
08/11/2016 13:25:00,0.36,1.00,1.00
08/11/2016 13:25:00,1.00,1.82,1.00
08/11/2016 13:24:00,0.06,1.00,1.00
08/11/2016 13:24:00,0.04,1.00,1.00
08/11/2016 13:23:00,0.06,1.00,1.00
08/11/2016 13:23:00,1.00,1.00,1.00
08/11/2016 13:23:00,0.93,1.00,1.00
08/11/2016 13:22:00,2.32,1.00,1.00
08/11/2016 13:22:00,0.11,1.00,1.00
08/11/2016 13:22:00,1.89,1.00,1.00
08/11/2016 13:22:00,1.00,1.00,19.72
08/11/2016 13:22:00,1.00,1.00,1.00
08/11/2016 13:22:00,0.11,1.00,1.00
08/11/2016 13:22:00,0.11,1.00,1.00
08/11/2016 13:22:00,0.06,1.00,1.00
08/11/2016 13:22:00,0.11,1.00,1.00
08/11/2016 13:21:00,19.72,1.00,1.00
08/11/2016 13:21:00,1.01,1.00,1.00
08/11/2016 13:21:00,0.06,1.00,1.00
08/11/2016 13:21:00,1.00,0.11,1.00
08/11/2016 13:21:00,1.82,1.00,1.00
08/11/2016 13:21:00,0.11,1.00,1.00
08/11/2016 13:21:00,0.06,1.00,1.00
08/11/2016 13:20:00,0.11,1.00,1.00
08/11/2016 13:20:00,0.11,1.00,1.00
08/11/2016 13:20:00,0.11,1.00,1.00
08/11/2016 13:20:00,1.00,1.00,0.11
08/11/2016 13:20:00,0.11,1.00,1.00
08/11/2016 13:19:00,3.60,1.00,1.00
08/11/2016 13:18:00,2.32,1.00,1.00
08/11/2016 13:18:00,0.06,1.00,1.00
08/11/2016 13:18:00,0.11,1.00,1.00
08/11/2016 13:18:00,0.11,1.00,1.00
08/11/2016 13:17:00,21.27,1.00,1.00
08/11/2016 13:17:00,1.00,1.00,1.00
08/11/2016 13:17:00,0.06,1.00,1.00
08/11/2016 13:17:00,0.11,1.00,1.00
08/11/2016 13:17:00,1.00,1.00,1.00
08/11/2016 13:16:00,0.11,1.00,1.00
08/11/2016 13:16:00,0.11,1.00,1.00
08/11/2016 13:15:00,0.11,1.00,1.00
08/11/2016 13:15:00,1.00,0.93,1.00
08/11/2016 13:15:00,0.11,1.00,1.00
08/11/2016 13:15:00,0.93,1.00,1.00
08/11/2016 13:15:00,2.32,1.00,1.00
08/11/2016 13:15:00,0.11,1.00,1.00
08/11/2016 13:15:00,0.51,1.00,1.00
08/11/2016 13:14:00,0.11,1.00,1.00
08/11/2016 13:14:00,0.06,1.00,1.00
08/11/2016 13:14:00,1.00,1.00,1.00
08/11/2016 13:14:00,2.32,1.00,1.00
08/11/2016 13:14:00,0.06,1.00,1.00
08/11/2016 13:13:00,1.00,0.06,1.00
08/11/2016 13:13:00,0.11,1.00,1.00
08/11/2016 13:13:00,0.93,1.00,1.00
08/11/2016 13:13:00,0.11,1.00,1.00
08/11/2016 13:12:00,0.06,1.00,1.00
08/11/2016 13:12:00,0.97,1.00,1.00
08/11/2016 13:12:00,2.32,1.00,1.00
08/11/2016 13:12:00,0.93,1.00,1.00
08/11/2016 13:12:00,0.11,1.00,1.00
08/11/2016 13:12:00,0.93,1.00,1.00
08/11/2016 13:12:00,0.11,1.00,1.00
08/11/2016 13:12:00,0.93,1.00,1.00
08/11/2016 13:12:00,1.00,0.11,1.00
08/11/2016 13:12:00,2.32,1.00,1.00
08/11/2016 13:18:00,2.32,1.00,1.00
08/11/2016 13:12:00,0.06,1.00,1.00
08/11/2016 13:12:00,0.51,1.00,1.00
08/11/2016 13:12:00,1.00,1.00,1.00
08/11/2016 13:11:00,1.00,0.11,1.00
08/11/2016 13:11:00,0.11,1.00,1.00
08/11/2016 13:11:00,0.11,1.00,1.00
08/11/2016 13:10:00,0.11,1.00,1.00
08/11/2016 13:10:00,1.00,1.00,1.00
08/11/2016 13:10:00,1.01,1.00,1.00
08/11/2016 13:10:00,2.32,1.00,1.00
08/11/2016 13:10:00,0.11,1.00,1.00
08/11/2016 13:10:00,0.11,1.00,1.00
08/11/2016 13:10:00,2.32,1.00,1.00
08/11/2016 13:09:00,2.64,1.00,1.00
08/11/2016 13:09:00,1.00,0.33,1.00
08/11/2016 13:09:00,1.00,1.00,1.00
08/11/2016 13:08:00,1.00,1.00,1.00
08/11/2016 13:08:00,1.00,1.00,1.00
08/11/2016 13:08:00,0.93,1.00,1.00
08/11/2016 13:08:00,0.11,1.00,1.00
08/11/2016 13:08:00,1.00,1.00,1.00
08/11/2016 13:07:00,1.00,1.00,1.00
08/11/2016 13:07:00,21.27,1.00,1.00
08/11/2016 13:07:00,1.00,1.00,1.00
08/11/2016 13:07:00,1.00,1.00,1.00
08/11/2016 13:07:00,0.93,1.00,1.00
08/11/2016 13:07:00,0.11,1.00,1.00
08/11/2016 13:07:00,19.72,1.00,1.00
08/11/2016 13:07:00,0.93,1.00,1.00
08/11/2016 13:06:00,1.00,0.47,1.00
08/11/2016 13:06:00,19.72,1.00,1.00
08/11/2016 13:06:00,2.32,1.00,1.00
08/11/2016 13:06:00,1.00,1.00,1.00
08/11/2016 13:06:00,1.00,0.11,1.00
08/11/2016 13:05:00,0.11,1.00,1.00
08/11/2016 13:05:00,1.00,1.00,1.00
08/11/2016 13:05:00,1.00,2.78,1.00
08/11/2016 13:05:00,0.53,1.00,1.00
08/11/2016 13:05:00,1.00,1.00,1.00
08/11/2016 13:05:00,1.89,1.00,1.00
08/11/2016 13:04:00,1.00,38.67,1.00
08/11/2016 13:04:00,1.00,1.00,1.00
08/11/2016 13:04:00,21.27,1.00,1.00
08/11/2016 13:04:00,1.00,1.00,1.00
08/11/2016 13:04:00,1.00,0.11,1.00
08/11/2016 13:04:00,0.11,1.00,1.00
08/11/2016 13:04:00,1.00,1.00,0.93
08/11/2016 13:03:00,1.82,1.00,1.00
08/11/2016 13:03:00,0.11,1.00,1.00
08/11/2016 13:03:00,0.89,1.00,1.00
08/11/2016 13:03:00,2.32,1.00,1.00
08/11/2016 13:02:00,0.93,1.00,1.00
08/11/2016 13:02:00,0.93,1.00,1.00
08/11/2016 13:02:00,1.00,0.93,1.00
08/11/2016 13:01:00,1.00,0.47,1.00
08/11/2016 13:01:00,1.00,0.93,1.00
08/11/2016 13:01:00,1.89,1.00,1.00
08/11/2016 13:00:00,1.00,1.00,1.00
08/11/2016 13:00:00,21.27,1.00,1.00
08/11/2016 13:00:00,0.93,1.00,1.00
08/11/2016 12:59:00,1.00,1.00,1.82
08/11/2016 12:59:00,0.03,1.00,1.00
08/11/2016 12:59:00,0.93,1.00,1.00
08/11/2016 12:59:00,1.00,1.00,1.00
08/11/2016 12:58:00,0.11,1.00,1.00
08/11/2016 12:58:00,0.11,1.00,1.00
08/11/2016 12:58:00,0.11,1.00,1.00
08/11/2016 12:58:00,0.11,1.00,1.00
08/11/2016 12:58:00,1.00,19.72,1.00
08/11/2016 12:58:00,19.72,1.00,1.00
08/11/2016 12:58:00,37.12,1.00,1.00
08/11/2016 12:58:00,19.72,1.00,1.00
08/11/2016 12:58:00,0.47,1.00,1.00
08/11/2016 12:57:00,1.00,0.93,1.00
08/11/2016 12:57:00,1.82,1.00,1.00
08/11/2016 12:57:00,0.06,1.00,1.00
08/11/2016 12:57:00,0.06,1.00,1.00
08/11/2016 12:57:00,1.00,1.01,1.00
08/11/2016 12:57:00,1.44,1.00,1.00
08/11/2016 12:57:00,0.11,1.00,1.00
08/11/2016 12:57:00,1.00,0.11,1.00
08/11/2016 12:56:00,0.11,1.00,1.00
08/11/2016 12:56:00,0.11,1.00,1.00
08/11/2016 12:56:00,0.11,1.00,1.00
08/11/2016 12:55:00,0.11,1.00,1.00
08/11/2016 12:55:00,0.06,1.00,1.00
08/11/2016 12:55:00,0.11,1.00,1.00
08/11/2016 12:55:00,0.12,1.00,1.00
08/11/2016 12:55:00,0.11,1.00,1.00
08/11/2016 12:54:00,0.11,1.00,1.00
08/11/2016 12:54:00,1.00,1.00,1.00
08/11/2016 12:54:00,0.06,1.00,1.00
08/11/2016 12:54:00,1.00,1.00,57.63
08/11/2016 12:54:00,21.27,1.00,1.00
08/11/2016 12:54:00,1.82,1.00,1.00
08/11/2016 12:54:00,0.35,1.00,1.00
08/11/2016 12:53:00,1.00,0.06,1.00
08/11/2016 12:53:00,1.00,0.93,1.00
08/11/2016 12:52:00,1.00,0.93,1.00
08/11/2016 12:52:00,0.06,1.00,1.00
08/11/2016 12:52:00,0.11,1.00,1.00
08/11/2016 12:51:00,19.72,1.00,1.00
08/11/2016 12:51:00,1.00,1.00,1.00
08/11/2016 12:51:00,1.00,1.00,1.00
08/11/2016 12:51:00,1.00,57.63,1.00
08/11/2016 12:51:00,1.00,21.27,1.00
08/11/2016 12:51:00,1.00,1.00,1.89
08/11/2016 12:51:00,1.00,0.11,1.00
08/11/2016 12:51:00,0.11,1.00,1.00
08/11/2016 12:50:00,0.06,1.00,1.00
08/11/2016 12:50:00,0.47,1.00,1.00
08/11/2016 12:50:00,38.67,1.00,1.00
08/11/2016 12:50:00,0.93,1.00,1.00
08/11/2016 12:50:00,0.11,1.00,1.00
08/11/2016 12:50:00,1.00,0.34,1.00
08/11/2016 12:49:00,0.06,1.00,1.00
08/11/2016 12:49:00,0.11,1.00,1.00
08/11/2016 12:49:00,0.11,1.00,1.00
08/11/2016 12:49:00,0.06,1.00,1.00
08/11/2016 12:48:00,0.93,1.00,1.00
08/11/2016 12:48:00,1.82,1.00,1.00
08/11/2016 12:48:00,1.00,1.01,1.00
08/11/2016 12:48:00,2.71,1.00,1.00
08/11/2016 12:48:00,0.11,1.00,1.00
08/11/2016 12:47:00,0.06,1.00,1.00
08/11/2016 12:47:00,1.00,0.06,1.00
08/11/2016 12:46:00,0.11,1.00,1.00
08/11/2016 12:46:00,1.00,1.00,1.00
08/11/2016 12:46:00,0.11,1.00,1.00
08/11/2016 12:45:00,0.11,1.00,1.00
08/11/2016 12:45:00,0.11,1.00,1.00
08/11/2016 12:45:00,1.00,2.32,1.00
08/11/2016 12:45:00,19.72,1.00,1.00
08/11/2016 12:45:00,1.00,37.12,1.00
08/11/2016 12:45:00,1.00,19.72,1.00
08/11/2016 12:44:00,0.04,1.00,1.00
08/11/2016 12:44:00,1.00,0.51,1.00
08/11/2016 12:44:00,0.11,1.00,1.00
08/11/2016 12:44:00,0.97,1.00,1.00
08/11/2016 12:43:00,0.51,1.00,1.00
08/11/2016 12:43:00,0.11,1.00,1.00
08/11/2016 12:43:00,1.89,1.00,1.00
08/11/2016 12:42:00,1.00,0.93,1.00
08/11/2016 12:42:00,1.00,1.00,1.00
08/11/2016 12:42:00,21.27,1.00,1.00
08/11/2016 12:42:00,0.11,1.00,1.00
08/11/2016 12:42:00,1.00,1.00,1.00
08/11/2016 12:42:00,1.89,1.00,1.00
08/11/2016 12:41:00,1.00,1.00,1.00
08/11/2016 12:41:00,0.11,1.00,1.00
08/11/2016 12:41:00,1.00,0.93,1.00
08/11/2016 12:41:00,0.11,1.00,1.00
08/11/2016 12:41:00,0.11,1.00,1.00
08/11/2016 12:40:00,0.11,1.00,1.00
08/11/2016 12:40:00,0.47,1.00,1.00
08/11/2016 12:40:00,0.11,1.00,1.00
08/11/2016 12:40:00,2.32,1.00,1.00
08/11/2016 12:40:00,1.00,1.00,1.00
08/11/2016 12:39:00,1.00,37.12,1.00
08/11/2016 12:39:00,2.32,1.00,1.00
08/11/2016 12:39:00,1.00,1.00,1.00
08/11/2016 12:39:00,0.11,1.00,1.00
08/11/2016 12:38:00,0.53,1.00,1.00
08/11/2016 12:38:00,0.93,1.00,1.00
08/11/2016 12:38:00,1.00,21.27,1.00
08/11/2016 12:38:00,0.11,1.00,1.00
08/11/2016 12:37:00,1.00,1.00,0.11
08/11/2016 12:37:00,0.11,1.00,1.00
08/11/2016 12:37:00,0.11,1.00,1.00
08/11/2016 12:37:00,0.97,1.00,1.00
08/11/2016 12:37:00,1.00,1.00,1.00
08/11/2016 12:36:00,1.00,0.11,1.00
08/11/2016 12:36:00,0.35,1.00,1.00
08/11/2016 12:36:00,0.93,1.00,1.00
08/11/2016 12:36:00,0.06,1.00,1.00
08/11/2016 12:36:00,0.06,1.00,1.00
08/11/2016 12:35:00,0.93,1.00,1.00
08/11/2016 12:35:00,1.00,0.34,1.00
08/11/2016 12:35:00,0.11,1.00,1.00
08/11/2016 12:35:00,0.93,1.00,1.00
08/11/2016 12:34:00,0.93,1.00,1.00
08/11/2016 12:34:00,0.06,1.00,1.00
08/11/2016 12:34:00,1.00,0.11,1.00
08/11/2016 12:34:00,0.11,1.00,1.00
08/11/2016 12:33:00,1.00,0.93,1.00
08/11/2016 12:33:00,1.74,1.00,1.00
08/11/2016 12:33:00,0.11,1.00,1.00
08/11/2016 12:33:00,0.93,1.00,1.00
08/11/2016 12:33:00,0.11,1.00,1.00
08/11/2016 12:32:00,1.00,0.11,1.00
08/11/2016 12:32:00,0.11,1.00,1.00
08/11/2016 12:32:00,1.00,1.00,0.11
08/11/2016 12:32:00,0.11,1.00,1.00
08/11/2016 12:31:00,0.93,1.00,1.00
08/11/2016 12:31:00,0.93,1.00,1.00
08/11/2016 12:31:00,0.93,1.00,1.00
08/11/2016 12:31:00,1.00,1.00,1.00
08/11/2016 12:31:00,21.27,1.00,1.00
08/11/2016 12:31:00,0.06,1.00,1.00
08/11/2016 12:30:00,1.00,1.00,1.00
08/11/2016 12:30:00,2.32,1.00,1.00
08/11/2016 12:29:00,0.11,1.00,1.00
08/11/2016 12:29:00,0.93,1.00,1.00
08/11/2016 12:29:00,0.11,1.00,1.00
08/11/2016 12:29:00,21.27,1.00,1.00
08/11/2016 12:29:00,1.00,1.00,1.00
08/11/2016 12:29:00,0.93,1.00,1.00
08/11/2016 12:29:00,1.00,1.00,1.00
08/11/2016 12:28:00,1.00,1.00,1.00
08/11/2016 12:28:00,1.00,2.32,1.00
08/11/2016 12:27:00,0.51,1.00,1.00
08/11/2016 12:27:00,0.11,1.00,1.00
08/11/2016 12:27:00,1.00,0.93,1.00
08/11/2016 12:27:00,0.06,1.00,1.00
08/11/2016 12:27:00,1.00,1.00,1.00
08/11/2016 12:27:00,1.00,1.00,1.00
08/11/2016 12:27:00,38.67,1.00,1.00
08/11/2016 12:26:00,1.82,1.00,1.00
08/11/2016 12:26:00,0.11,1.00,1.00
08/11/2016 12:25:00,0.06,1.00,1.00
08/11/2016 12:25:00,2.32,1.00,1.00
08/11/2016 12:25:00,1.00,1.00,1.00
08/11/2016 12:25:00,1.00,0.93,1.00
08/11/2016 12:25:00,0.51,1.00,1.00
08/11/2016 12:25:00,0.11,1.00,1.00
08/11/2016 12:24:00,1.00,1.00,1.00
08/11/2016 12:24:00,0.93,1.00,1.00
08/11/2016 12:24:00,0.51,1.00,1.00
08/11/2016 12:24:00,0.11,1.00,1.00
08/11/2016 12:24:00,1.89,1.00,1.00
08/11/2016 12:24:00,0.97,1.00,1.00
08/11/2016 12:23:00,0.11,1.00,1.00
08/11/2016 12:23:00,1.00,19.72,1.00
08/11/2016 12:23:00,1.00,0.93,1.00
08/11/2016 12:23:00,0.11,1.00,1.00
08/11/2016 12:22:00,0.11,1.00,1.00
08/11/2016 12:22:00,0.11,1.00,1.00
08/11/2016 12:22:00,0.11,1.00,1.00
08/11/2016 12:22:00,0.93,1.00,1.00
08/11/2016 12:21:00,1.00,0.11,1.00
08/11/2016 12:21:00,1.00,0.11,1.00
08/11/2016 12:21:00,0.11,1.00,1.00
08/11/2016 12:21:00,0.11,1.00,1.00
08/11/2016 12:21:00,1.82,1.00,1.00
08/11/2016 12:20:00,2.32,1.00,1.00
08/11/2016 12:20:00,4.49,1.00,1.00
08/11/2016 12:20:00,0.47,1.00,1.00
08/11/2016 12:20:00,1.39,1.00,1.00
08/11/2016 12:18:00,2.32,1.00,1.00
08/11/2016 12:18:00,0.11,1.00,1.00
08/11/2016 12:18:00,38.67,1.00,1.00
08/11/2016 12:18:00,0.11,1.00,1.00
08/11/2016 12:17:00,0.06,1.00,1.00
08/11/2016 12:17:00,0.06,1.00,1.00
08/11/2016 12:17:00,1.82,1.00,1.00
08/11/2016 12:16:00,1.00,21.27,1.00
08/11/2016 12:16:00,0.11,1.00,1.00
08/11/2016 12:16:00,0.06,1.00,1.00
08/11/2016 12:16:00,0.93,1.00,1.00
08/11/2016 12:16:00,0.06,1.00,1.00
08/11/2016 12:16:00,0.51,1.00,1.00
08/11/2016 12:16:00,0.11,1.00,1.00
08/11/2016 12:16:00,0.11,1.00,1.00
08/11/2016 12:15:00,0.11,1.00,1.00
08/11/2016 12:15:00,0.11,1.00,1.00
08/11/2016 12:15:00,0.51,1.00,1.00
08/11/2016 12:14:00,0.11,1.00,1.00
08/11/2016 12:14:00,1.00,1.82,1.00
08/11/2016 12:14:00,0.51,1.00,1.00
08/11/2016 12:14:00,0.93,1.00,1.00
08/11/2016 12:14:00,21.27,1.00,1.00
08/11/2016 12:14:00,1.00,0.11,1.00
08/11/2016 12:13:00,1.00,1.00,0.11
08/11/2016 12:13:00,0.11,1.00,1.00
08/11/2016 12:12:00,0.93,1.00,1.00
08/11/2016 12:13:00,0.93,1.00,1.00
08/11/2016 12:12:00,1.42,1.00,1.00
08/11/2016 12:12:00,0.11,1.00,1.00
08/11/2016 12:12:00,1.00,2.32,1.00
08/11/2016 12:10:00,1.00,0.11,1.00
08/11/2016 12:12:00,0.06,1.00,1.00
08/11/2016 12:12:00,1.00,0.11,1.00
08/11/2016 12:11:00,1.00,1.00,1.00
08/11/2016 12:11:00,0.04,1.00,1.00
08/11/2016 12:10:00,0.67,1.00,1.00
08/11/2016 12:10:00,1.00,1.00,1.00
08/11/2016 12:10:00,0.11,1.00,1.00
08/11/2016 12:10:00,0.11,1.00,1.00
08/11/2016 12:10:00,0.51,1.00,1.00
08/11/2016 12:10:00,0.06,1.00,1.00
08/11/2016 12:09:00,0.11,1.00,1.00
08/11/2016 12:09:00,1.00,1.00,1.00
08/11/2016 12:09:00,1.89,1.00,1.00
08/11/2016 12:09:00,0.47,1.00,1.00
08/11/2016 12:08:00,2.32,1.00,1.00
08/11/2016 12:08:00,1.00,1.00,1.00
08/11/2016 12:08:00,1.89,1.00,1.00
08/11/2016 12:07:00,0.93,1.00,1.00
08/11/2016 12:06:00,0.06,1.00,1.00
08/11/2016 12:06:00,1.00,1.00,0.11
08/11/2016 12:06:00,1.00,1.00,0.11
08/11/2016 12:06:00,1.00,0.11,1.00
08/11/2016 12:05:00,0.93,1.00,1.00
08/11/2016 12:05:00,1.00,0.11,1.00
08/11/2016 12:04:00,1.00,0.11,1.00
08/11/2016 12:05:00,0.11,1.00,1.00
08/11/2016 12:04:00,1.00,0.11,1.00
08/11/2016 12:04:00,0.11,1.00,1.00
08/11/2016 12:04:00,21.27,1.00,1.00
08/11/2016 12:04:00,1.00,0.11,1.00
08/11/2016 12:03:00,0.93,1.00,1.00
08/11/2016 12:03:00,1.00,0.11,1.00
08/11/2016 12:03:00,0.11,1.00,1.00
08/11/2016 12:03:00,1.00,0.06,1.00
08/11/2016 12:03:00,0.11,1.00,1.00
08/11/2016 12:02:00,1.00,2.32,1.00
08/11/2016 12:02:00,0.11,1.00,1.00
08/11/2016 12:02:00,0.04,1.00,1.00
08/11/2016 12:02:00,0.11,1.00,1.00
08/11/2016 12:02:00,0.11,1.00,1.00
08/11/2016 12:01:00,0.11,1.00,1.00
08/11/2016 12:01:00,0.93,1.00,1.00
08/11/2016 12:01:00,1.00,1.00,1.00
08/11/2016 12:01:00,1.00,38.67,1.00
08/11/2016 12:00:00,0.11,1.00,1.00
08/11/2016 11:59:00,1.00,0.11,1.00
08/11/2016 11:59:00,0.49,1.00,1.00
08/11/2016 11:59:00,0.11,1.00,1.00
08/11/2016 11:59:00,1.00,19.72,1.00
08/11/2016 11:59:00,0.11,1.00,1.00
08/11/2016 11:58:00,1.00,0.11,1.00
08/11/2016 11:58:00,0.11,1.00,1.00
08/11/2016 11:58:00,1.00,0.93,1.00
08/11/2016 11:58:00,0.11,1.00,1.00
08/11/2016 12:00:00,0.11,1.00,1.00
08/11/2016 12:00:00,0.11,1.00,1.00
08/11/2016 11:57:00,1.00,0.11,1.00
08/11/2016 11:57:00,0.11,1.00,1.00
08/11/2016 11:57:00,0.06,1.00,1.00
08/11/2016 11:56:00,0.11,1.00,1.00
08/11/2016 11:56:00,0.11,1.00,1.00
08/11/2016 11:55:00,0.11,1.00,1.00
08/11/2016 11:55:00,0.11,1.00,1.00
08/11/2016 11:55:00,0.11,1.00,1.00
08/11/2016 11:53:00,0.06,1.00,1.00
08/11/2016 11:52:00,1.00,0.11,1.00
08/11/2016 11:52:00,1.00,0.93,1.00
08/11/2016 11:52:00,2.32,1.00,1.00
08/11/2016 11:51:00,0.06,1.00,1.00
08/11/2016 11:51:00,0.11,1.00,1.00
08/11/2016 11:51:00,0.11,1.00,1.00
08/11/2016 11:51:00,1.00,0.11,1.00
08/11/2016 11:51:00,0.93,1.00,1.00
08/11/2016 11:50:00,0.93,1.00,1.00
08/11/2016 11:49:00,1.00,1.00,1.00
08/11/2016 11:48:00,0.11,1.00,1.00
08/11/2016 11:48:00,0.11,1.00,1.00
08/11/2016 11:48:00,1.00,0.11,1.00
08/11/2016 11:47:00,0.11,1.00,1.00
08/11/2016 11:50:00,0.11,1.00,1.00
08/11/2016 11:49:00,0.11,1.00,1.00
08/11/2016 11:49:00,0.11,1.00,1.00
08/11/2016 11:47:00,0.11,1.00,1.00
08/11/2016 11:50:00,0.11,1.00,1.00
08/11/2016 11:46:00,0.11,1.00,1.00
08/11/2016 11:46:00,0.11,1.00,1.00
08/11/2016 11:46:00,0.93,1.00,1.00
08/11/2016 11:46:00,0.51,1.00,1.00
08/11/2016 11:44:00,0.11,1.00,1.00
08/11/2016 11:44:00,1.00,2.32,1.00
08/11/2016 11:44:00,2.32,1.00,1.00
08/11/2016 11:43:00,0.11,1.00,1.00
08/11/2016 11:43:00,0.11,1.00,1.00
08/11/2016 11:43:00,1.00,0.11,1.00
08/11/2016 11:43:00,0.11,1.00,1.00
08/11/2016 11:43:00,0.47,1.00,1.00
08/11/2016 11:43:00,0.11,1.00,1.00
08/11/2016 11:43:00,0.11,1.00,1.00
08/11/2016 11:43:00,1.00,0.93,1.00
08/11/2016 11:43:00,0.11,1.00,1.00
08/11/2016 11:42:00,1.00,1.00,1.00
08/11/2016 11:42:00,0.11,1.00,1.00
08/11/2016 11:42:00,1.00,1.00,1.00
08/11/2016 11:42:00,0.93,1.00,1.00
08/11/2016 11:41:00,38.67,1.00,1.00
08/11/2016 11:41:00,0.06,1.00,1.00
08/11/2016 11:40:00,2.32,1.00,1.00
08/11/2016 11:40:00,1.00,0.11,1.00
08/11/2016 11:40:00,0.93,1.00,1.00
08/11/2016 11:40:00,1.00,0.93,1.00
08/11/2016 11:38:00,2.64,1.00,1.00
08/11/2016 11:38:00,1.82,1.00,1.00
08/11/2016 11:38:00,0.93,1.00,1.00
08/11/2016 11:38:00,1.00,1.00,1.00
08/11/2016 11:37:00,0.93,1.00,1.00
08/11/2016 11:37:00,0.11,1.00,1.00
08/11/2016 11:36:00,1.00,1.00,21.27
08/11/2016 11:35:00,21.27,1.00,1.00
08/11/2016 11:35:00,0.11,1.00,1.00
08/11/2016 11:34:00,0.11,1.00,1.00
08/11/2016 11:33:00,0.11,1.00,1.00
08/11/2016 11:33:00,0.11,1.00,1.00
08/11/2016 11:32:00,1.00,1.00,1.00
08/11/2016 11:30:00,0.11,1.00,1.00
08/11/2016 11:30:00,2.32,1.00,1.00
08/11/2016 11:29:00,0.11,1.00,1.00
08/11/2016 11:24:00,0.93,1.00,1.00
08/11/2016 11:23:00,0.11,1.00,1.00
08/11/2016 11:22:00,0.11,1.00,1.00
08/11/2016 11:21:00,0.06,1.00,1.00
08/11/2016 11:20:00,1.00,0.93,1.00
08/11/2016 11:20:00,0.11,1.00,1.00
08/11/2016 11:20:00,0.11,1.00,1.00
08/11/2016 11:18:00,1.82,1.00,1.00
08/11/2016 11:17:00,2.04,1.00,1.00
08/11/2016 11:17:00,0.06,1.00,1.00
08/11/2016 11:15:00,1.00,2.71,1.00
08/11/2016 11:15:00,0.11,1.00,1.00
08/11/2016 11:15:00,0.11,1.00,1.00
08/11/2016 11:14:00,1.00,0.11,1.00
08/11/2016 11:12:00,1.00,0.06,1.00
08/11/2016 11:11:00,19.72,1.00,1.00
08/11/2016 11:10:00,2.32,1.00,1.00
08/11/2016 11:09:00,0.11,1.00,1.00
08/11/2016 11:06:00,0.93,1.00,1.00
08/11/2016 11:06:00,0.11,1.00,1.00
08/11/2016 11:06:00,1.00,1.00,1.00
08/11/2016 11:04:00,0.93,1.00,1.00
08/11/2016 11:02:00,0.51,1.00,1.00
08/11/2016 11:01:00,0.11,1.00,1.00
08/11/2016 11:00:00,0.93,1.00,1.00
08/11/2016 11:00:00,1.00,1.00,1.00
08/11/2016 11:00:00,1.00,1.00,1.00
08/11/2016 10:58:00,21.27,1.00,1.00
08/11/2016 10:57:00,0.06,1.00,1.00
08/11/2016 10:55:00,0.47,1.00,1.00
08/11/2016 10:54:00,1.00,1.00,19.72
08/11/2016 10:52:00,0.11,1.00,1.00
08/11/2016 10:51:00,1.00,0.11,1.00
08/11/2016 10:51:00,1.00,1.00,1.00
08/11/2016 10:50:00,0.11,1.00,1.00
08/11/2016 10:46:00,0.11,1.00,1.00
08/11/2016 10:45:00,0.11,1.00,1.00
08/11/2016 10:44:00,0.11,1.00,1.00
08/11/2016 10:47:00,0.11,1.00,1.00
08/11/2016 10:46:00,1.00,1.00,1.00
08/11/2016 10:41:00,1.00,0.11,1.00
08/11/2016 10:49:00,0.11,1.00,1.00
08/11/2016 10:48:00,0.93,1.00,1.00
08/11/2016 10:40:00,0.11,1.00,1.00
08/11/2016 10:32:00,1.00,19.72,1.00
08/11/2016 10:28:00,0.04,1.00,1.00
08/11/2016 10:27:00,0.93,1.00,1.00
08/11/2016 10:24:00,0.51,1.00,1.00
08/11/2016 10:23:00,1.00,1.00,1.00
08/11/2016 10:21:00,2.32,1.00,1.00
08/11/2016 10:16:00,0.11,1.00,1.00
08/11/2016 10:15:00,0.11,1.00,1.00
08/11/2016 10:11:00,0.11,1.00,1.00
08/11/2016 10:10:00,1.00,0.51,1.00
08/11/2016 10:08:00,0.11,1.00,1.00
08/11/2016 10:06:00,1.00,0.11,1.00
08/11/2016 10:02:00,1.00,0.93,1.00
08/11/2016 10:49:00,0.11,1.00,1.00
08/11/2016 10:02:00,0.11,1.00,1.00
08/11/2016 09:57:00,0.11,1.00,1.00
08/11/2016 09:57:00,0.11,1.00,1.00
08/11/2016 09:52:00,1.00,2.32,1.00
08/11/2016 09:37:00,0.11,1.00,1.00
08/11/2016 07:37:00,1.00,56.07,1.00
08/11/2016 07:35:00,1.00,1.00,1.00
08/11/2016 07:33:00,1.00,1.00,1.82
08/11/2016 07:31:00,1.00,1.00,37.12
08/11/2016 07:31:00,19.72,1.00,1.00
08/11/2016 07:27:00,0.93,1.00,1.00
08/11/2016 07:26:00,19.72,1.00,1.00
08/11/2016 07:22:00,2.32,1.00,1.00
08/11/2016 09:36:00,0.11,1.00,1.00
08/11/2016 08:01:00,0.11,1.00,1.00
08/11/2016 07:58:00,0.11,1.00,1.00
08/11/2016 07:55:00,1.00,0.11,1.00
08/11/2016 07:51:00,1.00,0.11,1.00
08/11/2016 07:47:00,0.11,1.00,1.00
08/11/2016 06:43:00,1.00,21.27,1.00
08/11/2016 06:40:00,1.00,1.00,1.00
08/11/2016 06:38:00,1.00,38.67,1.00
08/11/2016 06:36:00,0.53,1.00,1.00
08/11/2016 06:33:00,0.11,1.00,1.00
08/11/2016 06:33:00,0.11,1.00,1.00
08/11/2016 06:28:00,1.01,1.00,1.00
08/11/2016 06:15:00,1.44,1.00,1.00
08/11/2016 06:15:00,1.74,1.00,1.00
08/11/2016 06:09:00,0.93,1.00,1.00
08/11/2016 06:07:00,2.71,1.00,1.00
08/11/2016 06:03:00,1.00,19.72,1.00
08/11/2016 05:59:00,19.72,1.00,1.00
08/11/2016 05:55:00,1.00,0.11,1.00
08/11/2016 05:40:00,1.00,1.00,1.00
08/11/2016 05:39:00,1.00,38.67,1.00
08/11/2016 05:38:00,38.67,1.00,1.00
08/11/2016 05:36:00,0.11,1.00,1.00
08/11/2016 05:34:00,21.27,1.00,1.00
08/11/2016 05:34:00,0.11,1.00,1.00
08/11/2016 05:34:00,1.00,1.00,1.00
08/11/2016 05:33:00,1.00,95.54,1.00
08/11/2016 05:25:00,37.12,1.00,1.00
08/11/2016 05:25:00,0.93,1.00,1.00
08/11/2016 05:21:00,0.06,1.00,1.00
08/11/2016 05:19:00,1.00,1.00,1.00
08/11/2016 05:12:00,0.11,1.00,1.00
08/11/2016 05:11:00,1.00,1.00,1.00
08/11/2016 05:09:00,1.00,1.00,1.89
08/11/2016 05:05:00,0.11,1.00,1.00
08/11/2016 04:58:00,0.11,1.00,1.00
08/11/2016 04:57:00,0.11,1.00,1.00
08/11/2016 05:01:00,38.67,1.00,1.00
08/11/2016 04:59:00,0.93,1.00,1.00
08/11/2016 04:53:00,1.00,1.00,1.00
08/11/2016 04:50:00,0.11,1.00,1.00
08/11/2016 04:50:00,1.00,1.00,1.00
08/11/2016 04:47:00,1.00,1.00,1.01
08/11/2016 04:45:00,1.00,1.00,1.00
08/11/2016 04:43:00,1.00,1.00,0.93
08/11/2016 04:46:00,1.89,1.00,1.00
08/11/2016 04:39:00,1.00,1.00,1.00
08/11/2016 04:39:00,1.00,19.72,1.00
08/11/2016 04:36:00,1.00,1.00,1.00
08/11/2016 04:31:00,0.47,1.00,1.00
08/11/2016 04:30:00,0.11,1.00,1.00
08/11/2016 04:30:00,1.00,0.11,1.00
08/11/2016 04:30:00,1.00,1.00,1.00
08/11/2016 04:26:00,1.00,1.00,1.00
08/11/2016 04:26:00,0.04,1.00,1.00
08/11/2016 04:22:00,0.51,1.00,1.00
08/11/2016 04:21:00,0.11,1.00,1.00
08/11/2016 04:20:00,0.11,1.00,1.00
08/11/2016 04:15:00,0.11,1.00,1.00
08/11/2016 04:14:00,0.06,1.00,1.00
08/11/2016 04:19:00,1.00,1.00,1.00
08/11/2016 04:07:00,0.11,1.00,1.00
08/11/2016 04:05:00,0.06,1.00,1.00
08/11/2016 04:25:00,1.00,1.00,1.00
08/11/2016 04:05:00,1.00,1.00,1.00
08/11/2016 04:03:00,0.11,1.00,1.00
